gene,significant_appearances,adjusted_pvalue
AEBP1,7,"[5.09e-07, 0.000127751, 0.001788149, 8.25e-14, 4.4299999999999995e-12, 1.23e-09, 5.5e-14]"
KRT19,7,"[1.51e-05, 2.33e-05, 1.78e-14, 2.96e-06, 8.25e-14, 2.6300000000000002e-09, 4.4e-13]"
COL1A2,7,"[8.99e-05, 0.002198354, 9.7e-06, 8.25e-14, 0.024918982000000003, 0.018456706, 7.16e-14]"
GAPDH,7,"[0.000828469, 1.4000000000000001e-05, 0.000557788, 0.002490956, 8.25e-14, 2.13e-05, 1.92e-07]"
EEF1A1,7,"[0.013745021000000001, 4.94e-11, 2.84e-14, 8.25e-14, 0.001845099, 3.4899999999999993e-13, 7.35e-06]"
ACTB,7,"[0.019547091000000003, 1.9e-06, 4.44e-06, 4.67e-08, 7.17e-11, 0.004132195, 1.11e-06]"
TAGLN,6,"[3.01e-10, 1.78e-14, 0.007476648000000001, 8.25e-14, 5.93e-13, 3.5499999999999996e-10]"
FN1,6,"[1.01e-09, 4.38e-06, 2.22e-07, 9.1e-14, 6.779999999999999e-13, 0.031163938]"
MTRNR2L12,6,"[1.7e-08, 1.4800000000000003e-13, 2.84e-14, 2.7300000000000005e-13, 8.25e-14, 5.93e-13]"
MTRNR2L8,6,"[3.5e-07, 2.7199999999999997e-11, 1.78e-14, 2.7300000000000005e-13, 8.25e-14, 6.779999999999999e-13]"
MUC1,6,"[4.9e-06, 2.23e-13, 9.229999999999999e-10, 9.1e-14, 2.35e-07, 2.99e-09]"
MTRNR2L1,6,"[0.00021455200000000002, 2.36e-09, 8.37e-11, 2.7300000000000005e-13, 9.1e-14, 6.779999999999999e-13]"
COL3A1,6,"[0.000828469, 7.01e-06, 6.909999999999999e-07, 8.25e-14, 0.000253655, 7.16e-14]"
KRT17,6,"[0.0011207489999999999, 0.028827883999999998, 2.84e-14, 7.67e-08, 5.85e-05, 0.041401837999999996]"
S100A6,6,"[0.001974478, 3.98e-11, 2.84e-14, 8.25e-14, 1.78e-08, 5.5e-14]"
CST1,6,"[0.003031733, 0.000239715, 8.86e-09, 9.1e-14, 0.019828537, 1.0800000000000002e-05]"
COL6A2,6,"[0.023126036000000003, 0.00033555300000000004, 0.01074779, 9.1e-14, 1.13e-05, 4.93e-07]"
CTGF,6,"[0.03389149, 1.59e-05, 8.25e-14, 4.64e-06, 3.2e-05, 5.5e-14]"
BGN,6,"[3.63e-06, 6.25e-06, 8.25e-14, 0.00201301, 4.66e-13, 5.5e-14]"
COL1A1,6,"[0.000581371, 2.1000000000000002e-10, 8.25e-14, 0.025174575, 4.26e-05, 5.5e-14]"
SERPINA1,5,"[2.11e-05, 0.0033798929999999997, 1.78e-14, 9.1e-14, 0.006307353000000001]"
CEACAM6,5,"[0.000278741, 8.65e-12, 9.1e-14, 0.000168301, 1.25e-10]"
MYL9,5,"[0.000548057, 1.78e-14, 8.25e-14, 3.01e-08, 1.24e-07]"
CYR61,5,"[0.000974642, 2.73e-06, 4.8100000000000004e-05, 0.006358004, 5.5e-14]"
FTH1,5,"[0.002997096, 0.001169889, 9.1e-14, 9.88e-07, 0.03653832]"
C11orf96,5,"[0.023034086000000002, 3.8e-05, 0.004385132, 1.6399999999999999e-07, 3.0399999999999997e-07]"
TPT1,5,"[0.023034086000000002, 1.33e-06, 9.1e-14, 0.001475015, 2.33e-07]"
B2M,5,"[0.041643923, 3.91e-05, 1.3800000000000002e-07, 5.2000000000000004e-05, 0.000161519]"
MGP,5,"[2.62e-09, 0.000352792, 9.1e-14, 4.61e-08, 7.16e-14]"
LAMC2,5,"[0.000106594, 1.8e-11, 1.75e-07, 0.031169394, 3.9300000000000004e-10]"
IGFBP2,5,"[0.003226547, 1.25e-11, 1.47e-08, 2.7900000000000002e-08, 5.5e-14]"
MTRNR2L10,5,"[0.003453329, 0.010571121000000001, 0.001194042, 0.012873453, 0.00959418]"
NNMT,5,"[0.005737621, 0.00447319, 4.0600000000000004e-13, 0.004870668, 0.009515324]"
C3,5,"[1.25e-09, 6.78e-07, 9.1e-14, 3.28e-06, 5.5e-14]"
CD74,5,"[0.000195395, 8.25e-14, 6.779999999999999e-13, 0.000924638, 0.022435392000000002]"
DCN,5,"[0.000805719, 8.8e-13, 0.0015741770000000002, 0.014782398, 0.001214867]"
BEST1,4,"[1.1e-10, 0.005600649, 1.32e-08, 0.029675562000000003]"
TMSB10,4,"[1.05e-06, 0.00024576400000000004, 7.34e-08, 0.000305505]"
MMP11,4,"[1.06e-06, 0.0043138740000000005, 4.61e-06, 1.1599999999999999e-07]"
FLNA,4,"[2.05e-05, 1.78e-14, 7.74e-08, 0.031836592999999996]"
FOSB,4,"[5.0600000000000003e-05, 0.000535226, 0.0009855089999999999, 2.7999999999999998e-12]"
IFI27,4,"[0.000676098, 0.027379941, 3.77e-06, 0.028230175]"
PFN1,4,"[0.00160924, 0.000809084, 4.839999999999999e-07, 2.51e-10]"
SPINK1,4,"[0.0047336, 1.4800000000000003e-13, 1.71e-11, 6.75e-08]"
TIMP1,4,"[0.015753835, 6.129999999999999e-12, 0.036917537, 2.68e-13]"
TMSB4X,4,"[0.016808079, 0.018424432, 4.0600000000000004e-13, 2.53e-07]"
SYNGR2,4,"[0.025625738999999998, 5.08e-05, 5.2300000000000004e-05, 0.000120429]"
GSTP1,4,"[0.029965112999999998, 1.14e-06, 3.0500000000000005e-11, 0.004442278]"
VIM,4,"[0.047532364, 2.88e-06, 3.54e-05, 0.004932097]"
ACTG1,4,"[1.4000000000000001e-09, 0.00045796199999999996, 0.0022298070000000003, 1.1699999999999999e-08]"
KRT18,4,"[5.31e-09, 9.229999999999999e-10, 1.4099999999999998e-13, 0.004073897]"
KRT8,4,"[1.1100000000000002e-08, 1.78e-14, 5.21e-13, 8.12e-07]"
LGALS4,4,"[2.9e-06, 0.00105777, 4.59e-12, 0.006495821]"
EEF2,4,"[0.005651345, 5.04e-08, 8.96e-06, 0.000398572]"
IGFBP3,4,"[0.005737621, 1.29e-07, 4.75e-12, 7.16e-14]"
LGALS3,4,"[0.010296336, 3.83e-06, 8.25e-14, 0.019477123]"
FTL,4,"[0.017925132, 4.89e-10, 6.779999999999999e-13, 5.27e-05]"
ELN,4,"[0.028827883999999998, 5.42e-05, 0.031012386, 0.000170656]"
LCN2,4,"[1.78e-14, 9.1e-14, 4.91e-09, 4.9500000000000004e-11]"
PCSK7,4,"[1.78e-14, 1.8100000000000002e-09, 6.790000000000001e-05, 0.000206818]"
TFF3,4,"[2.98e-11, 0.00024144599999999998, 8.25e-14, 0.004559901]"
ELF3,4,"[3.71e-09, 2.6e-09, 6.990000000000001e-13, 0.0004646]"
ACTA2,4,"[5.18e-09, 4.7799999999999996e-05, 0.000213379, 0.00060507]"
LAMB3,4,"[8.39e-08, 1.78e-08, 0.0167818, 3.289999999999999e-05]"
THBS1,4,"[1.76e-06, 8.25e-14, 1.21e-05, 5.5e-14]"
HLA-DRA,4,"[3.0799999999999996e-05, 3.98e-06, 8.25e-14, 6.779999999999999e-13]"
C1QA,4,"[0.0005212330000000001, 0.0009157560000000001, 8.25e-14, 6.7e-05]"
CST2,4,"[0.001119732, 4.44e-06, 9.1e-14, 4.4e-13]"
COL4A2,4,"[0.001152461, 1.18e-12, 0.047440790999999996, 2.74e-06]"
C4B,4,"[0.005723655, 9.58e-09, 3.98e-05, 7.16e-14]"
C4A,4,"[0.006667647, 6.440000000000001e-13, 1.4800000000000002e-05, 4.85e-12]"
C1QB,4,"[0.006757366999999999, 0.0074477169999999995, 1.4099999999999998e-13, 0.002626619]"
C7,4,"[0.008436802, 0.000868253, 5.24e-05, 8.290000000000001e-13]"
MFAP2,4,"[0.020847505, 3.74e-05, 0.005161565999999999, 0.000101721]"
HLA-DPA1,4,"[0.043541616, 6.4e-06, 2.66e-06, 0.000253281]"
CST3,4,"[1.22e-05, 9.84e-09, 2.96e-10, 1.9e-05]"
COMP,4,"[1.4099999999999998e-13, 5.93e-13, 2.24e-12, 5.5e-14]"
ENG,4,"[1.0400000000000001e-11, 8.71e-06, 0.000295366, 5.5e-14]"
APOD,4,"[2.06e-10, 4.65e-09, 7.38e-06, 5.5e-14]"
CXCL14,4,"[0.005296779000000001, 1.36e-09, 8.740000000000001e-09, 7.16e-14]"
CAVIN1,3,"[4.24e-08, 8.25e-14, 1.0499999999999999e-09]"
S100A4,3,"[8.77e-07, 0.005737621, 0.00838105]"
IFI6,3,"[5.19e-06, 9.53e-06, 1.25e-11]"
CLDN4,3,"[0.0027997829999999997, 1.62e-11, 2.74e-10]"
CD24,3,"[0.002845878, 3.4899999999999996e-07, 0.00019097]"
TM4SF1,3,"[0.003295873, 4.7299999999999996e-07, 0.0014380679999999998]"
ECM1,3,"[0.004147518, 0.000208914, 0.00062722]"
C19orf33,3,"[0.004519389, 0.004664085, 7.23e-05]"
CD81,3,"[0.010371933, 0.003023171, 6.519999999999999e-12]"
EZR,3,"[0.017582325, 0.000309193, 0.000218115]"
DDX5,3,"[0.026177107999999998, 0.018332213, 0.001004665]"
NR4A1,3,"[0.034193862, 2.11e-05, 1.3699999999999997e-13]"
SELENOM,3,"[0.038267052999999995, 0.021441222000000003, 0.014449086000000002]"
PMEPA1,3,"[0.04287279099999999, 3.5499999999999995e-13, 0.000271908]"
S100A14,3,"[3.4e-06, 5.06e-07, 0.002535192]"
CALD1,3,"[0.000140218, 4.45e-07, 0.013360404]"
FXYD3,3,"[0.000539616, 0.009989027, 9.57e-10]"
BST2,3,"[0.001775876, 0.003761527, 0.008926323]"
HMGA1,3,"[0.001911191, 0.001303335, 0.000122474]"
RACK1,3,"[0.002458727, 0.030222815, 0.000294838]"
SLPI,3,"[0.003554781, 0.000360904, 2.7e-09]"
S100A10,3,"[0.007652405, 9.98e-06, 8.25e-14]"
SLC2A1,3,"[0.009222119, 0.048701391, 0.004586662]"
GPC1,3,"[0.038390721, 0.004899464, 7.970000000000001e-07]"
ANXA2,3,"[0.040168047000000005, 8e-06, 0.003032575]"
A2M,3,"[1.0300000000000001e-05, 2.3600000000000002e-07, 0.00015032200000000002]"
CEL,3,"[1.78e-14, 0.000950665, 5.5e-14]"
CLPS,3,"[1.78e-14, 0.027650106, 5.5e-14]"
CPA1,3,"[1.78e-14, 0.039086074, 7.16e-14]"
CTRB1,3,"[1.78e-14, 0.00016418, 5.5e-14]"
CTRB2,3,"[1.78e-14, 0.014284995, 5.5e-14]"
MYH11,3,"[1.78e-14, 2.73e-06, 1.93e-07]"
PRSS2,3,"[1.78e-14, 0.031182732, 5.5e-14]"
GP2,3,"[2.84e-14, 0.013824101, 1.16e-12]"
KRT7,3,"[5.21e-14, 0.040028309, 0.019128588000000002]"
MFGE8,3,"[5.21e-14, 5.07e-05, 0.000155832]"
TPM2,3,"[5.21e-14, 0.014523118, 1.4099999999999998e-13]"
MUC6,3,"[2.6000000000000002e-12, 0.010344738000000001, 4.830000000000001e-13]"
PIGR,3,"[1.7e-11, 1.9699999999999996e-09, 4.8100000000000004e-05]"
FCGBP,3,"[1.96e-11, 0.0004934319999999999, 3.76e-05]"
MUC5B,3,"[2.98e-11, 5.68e-10, 0.009538996]"
OLFM4,3,"[5e-11, 3.2e-12, 4.61e-08]"
SPARCL1,3,"[8.52e-09, 3.05e-09, 0.00322818]"
CFD,3,"[5.87e-08, 0.000266683, 9.98e-05]"
IGFBP7,3,"[1.12e-07, 7.659999999999999e-09, 7.91e-05]"
FBLN1,3,"[1.14e-07, 8.25e-14, 5.5e-14]"
SLC44A4,3,"[1.62e-07, 0.025223732999999998, 2.8000000000000003e-05]"
SPP1,3,"[2.7100000000000003e-07, 9.1e-14, 5.93e-13]"
FSTL1,3,"[1.6899999999999997e-05, 4.47e-07, 3.6e-06]"
HLA-B,3,"[0.000122045, 0.002218778, 3.01e-06]"
COL18A1,3,"[0.00018527099999999998, 4.57e-05, 0.02656419]"
MFAP4,3,"[0.00019784099999999998, 0.005184856, 2.99e-08]"
IGFBP4,3,"[0.00029755, 0.04314828, 8.25e-14]"
C1S,3,"[0.000360904, 0.00803823, 0.000350605]"
TIMP3,3,"[0.0023443120000000003, 0.002881937, 0.00023384099999999999]"
CTSD,3,"[0.0024573729999999997, 7.0400000000000005e-09, 3.6e-05]"
SPARC,3,"[0.0026670540000000003, 9.1e-14, 1.71e-11]"
COL6A1,3,"[0.0031249109999999997, 0.0011055610000000001, 0.013952388999999999]"
SLC16A3,3,"[0.0031559440000000004, 0.020375754, 0.036557492000000004]"
MMP14,3,"[0.004300863, 5.31e-07, 1.4499999999999998e-05]"
HLA-E,3,"[0.005206644, 0.013535199, 2.62e-05]"
SOD3,3,"[0.005233855999999999, 2.25e-09, 0.011523443999999999]"
ARHGDIA,3,"[0.007158521, 0.007311361, 4.26e-05]"
DMBT1,3,"[0.007979965, 8.25e-14, 5.99e-08]"
ATP1B1,3,"[0.027448975, 3.05e-05, 1.3699999999999998e-05]"
CST4,3,"[2.96e-06, 9.1e-14, 8.96e-07]"
HTRA3,3,"[0.037628152000000005, 0.024513022000000002, 0.008263603000000001]"
INS,3,"[8.25e-14, 5.93e-13, 5.5e-14]"
IGFBP5,3,"[3.4700000000000004e-13, 7.98e-06, 5.5e-14]"
SFRP2,3,"[5.7099999999999995e-11, 0.012931945, 3.39e-05]"
MT2A,3,"[2.84e-10, 0.025407897000000002, 5.5e-14]"
SFRP4,3,"[3.56e-10, 0.0010589039999999998, 0.00035987199999999996]"
PCSK1N,3,"[4.49e-09, 5.93e-13, 2.36e-11]"
LUM,3,"[7.93e-08, 0.004870668, 0.00012893100000000002]"
DDIT4,3,"[9.54e-08, 7.68e-09, 3.28e-06]"
CLU,3,"[3.03e-07, 2e-07, 0.001351679]"
PRELP,3,"[2.75e-06, 0.042117894, 0.001477785]"
COL12A1,3,"[2.79e-06, 2.2e-07, 0.000156504]"
LGALS1,3,"[3.17e-06, 0.016066021, 1.65e-10]"
PTGDS,3,"[5.03e-06, 0.004902888, 5.5e-14]"
SULF1,3,"[7.84e-06, 0.038152208, 0.002802914]"
SERPINE1,3,"[2.01e-05, 8.98e-07, 3.0800000000000002e-12]"
ADAMTSL2,3,"[0.004284245, 0.045712049000000005, 5.5e-14]"
C4orf48,3,"[0.004801504, 0.001750145, 2.53e-06]"
TINAGL1,3,"[0.004998104000000001, 0.007250917, 0.022170237000000002]"
DPEP1,3,"[1.4099999999999999e-05, 1.6399999999999997e-09, 3.2400000000000003e-12]"
DPCR1,3,"[0.001168697, 0.00022380900000000003, 3.6e-05]"
RARRES2,2,"[3.55e-11, 8.25e-14]"
MMP1,2,"[1.22e-06, 1.53e-05]"
HSPA1A,2,"[1.53e-06, 0.000745943]"
ALDOA,2,"[2.99e-05, 0.0017830539999999998]"
GPX2,2,"[8.88e-05, 8.25e-14]"
TCN1,2,"[0.00083689, 0.00017421]"
DNAJB1,2,"[0.004010762, 0.00067611]"
CFB,2,"[0.004519389, 0.029041399]"
EMILIN1,2,"[0.01364486, 1.19e-10]"
NBPF19,2,"[0.019223961, 0.008588884]"
ZNF423,2,"[0.019714808, 7.99e-06]"
PLVAP,2,"[0.038267052999999995, 5.55e-07]"
GOLGA2,2,"[1.4800000000000003e-13, 5.11e-05]"
ISG15,2,"[4.5999999999999995e-08, 0.0029345309999999998]"
SFN,2,"[8.84e-07, 8.86e-09]"
JUND,2,"[2.8999999999999997e-05, 1.8e-06]"
DUOXA2,2,"[3.289999999999999e-05, 8.25e-14]"
SYT8,2,"[4.47e-05, 0.0005756530000000001]"
COL16A1,2,"[0.00016129, 0.029754292]"
SCNN1A,2,"[0.000208914, 7.43e-08]"
CYSTM1,2,"[0.000610182, 0.024918982000000003]"
COL6A3,2,"[0.008882830999999999, 0.000603014]"
MTRNR2L6,2,"[0.009026922, 0.046032105999999996]"
LTBP3,2,"[0.009571268, 0.000754413]"
PPDPF,2,"[0.010296336, 0.040847679]"
IFITM3,2,"[0.017375403, 0.000976074]"
CNN2,2,"[0.01926972, 0.0013536610000000001]"
ANXA8L1,2,"[0.023255397999999997, 0.025223673999999998]"
RHOC,2,"[0.026768576000000002, 2.71e-06]"
CELA2A,2,"[1.78e-14, 2.56e-12]"
CELA3A,2,"[1.78e-14, 7.16e-14]"
CELA3B,2,"[1.78e-14, 7.16e-14]"
CPB1,2,"[1.78e-14, 1.3699999999999997e-13]"
CTRC,2,"[1.78e-14, 7.16e-14]"
DES,2,"[1.78e-14, 0.00019250700000000002]"
PLA2G1B,2,"[1.78e-14, 3.8e-10]"
PNLIP,2,"[1.78e-14, 5.5e-14]"
PRSS1,2,"[1.78e-14, 7.16e-14]"
SYCN,2,"[1.78e-14, 7.16e-14]"
SCGB3A1,2,"[2.84e-14, 7.46e-05]"
CNN1,2,"[2.6000000000000002e-12, 0.024921797000000002]"
ADIRF,2,"[2.45e-07, 3.7200000000000004e-09]"
GREM1,2,"[1.02e-06, 8.9e-07]"
CYBA,2,"[1.75e-06, 2.49e-05]"
CSPG4,2,"[2.03e-06, 0.000350605]"
ZFP36,2,"[4.52e-06, 5.520000000000001e-07]"
LIMS2,2,"[7.81e-06, 3.44e-06]"
INF2,2,"[9e-05, 1.04e-05]"
ANXA4,2,"[0.000121055, 1.25e-10]"
ARPC1B,2,"[0.000133448, 0.01992006]"
TFF2,2,"[0.000139864, 3.06e-06]"
ATP1A1,2,"[0.000306327, 0.000843725]"
C1R,2,"[0.00139528, 1.57e-08]"
GOLM1,2,"[0.0016436679999999998, 0.00746523]"
ERBB3,2,"[0.0024573729999999997, 5.21e-13]"
TM4SF4,2,"[0.002652015, 2.75e-06]"
GSN,2,"[0.003204742, 0.0025194139999999998]"
C10orf10,2,"[0.012059493000000001, 0.00095769]"
RRBP1,2,"[0.012307166999999999, 0.000506418]"
DPYSL3,2,"[0.013990533000000001, 0.0005148469999999999]"
ITGB4,2,"[0.022313088, 8.09e-05]"
PDZK1IP1,2,"[0.022598522000000003, 1.7000000000000001e-09]"
AP1S1,2,"[0.024094871, 0.001508477]"
MYADM,2,"[0.024390538, 0.000603014]"
FMOD,2,"[0.028063262999999998, 2.49e-05]"
ATP2A3,2,"[2.45e-06, 0.036969241]"
CLDN3,2,"[0.000498952, 0.009509399]"
SPINT2,2,"[0.015851561, 1.6100000000000002e-05]"
HTRA1,2,"[0.018269581, 2.3100000000000002e-07]"
NBL1,2,"[0.02563983, 1.4099999999999998e-13]"
BMP1,2,"[0.033594739, 4.41e-06]"
REG4,2,"[8.25e-14, 0.000263988]"
SERPINF1,2,"[8.25e-14, 0.001811136]"
AGR2,2,"[9.1e-14, 1.2e-09]"
GCG,2,"[9.1e-14, 5.93e-13]"
MMP2,2,"[9.1e-14, 0.000125989]"
TTR,2,"[9.1e-14, 5.93e-13]"
CCDC80,2,"[1.4099999999999998e-13, 5.5e-14]"
RNASE1,2,"[1.4099999999999998e-13, 0.00019334099999999998]"
TFF1,2,"[1.4099999999999998e-13, 7.31e-07]"
PHGR1,2,"[2.79e-12, 4.64e-09]"
SSR4,2,"[3.3999999999999996e-12, 0.023914498]"
EPCAM,2,"[4.59e-12, 0.008491803000000001]"
SERPING1,2,"[2.25e-11, 1.09e-06]"
PABPC1,2,"[1.19e-09, 5.520000000000001e-07]"
CLDN18,2,"[3.81e-09, 0.00490674]"
TGM2,2,"[5.44e-09, 1.48e-06]"
PRSS8,2,"[8.15e-09, 0.002034911]"
NDRG1,2,"[3.87e-08, 0.015432563]"
HSPG2,2,"[6.28e-08, 0.0008209560000000001]"
CEACAM5,2,"[1.29e-07, 0.019128588000000002]"
HLA-DRB1,2,"[2.5399999999999997e-07, 0.002076713]"
CD14,2,"[5.55e-07, 0.033462562]"
GPX3,2,"[7.159999999999999e-07, 8.96e-07]"
JCHAIN,2,"[1.06e-06, 0.004870668]"
PSAP,2,"[1.22e-06, 0.012931945]"
LRRC32,2,"[2.04e-06, 0.000243772]"
CCDC85B,2,"[1.11e-05, 0.021419782999999998]"
ITGA11,2,"[3.4399999999999996e-05, 0.001658039]"
CSTB,2,"[5.7799999999999995e-05, 2.9500000000000003e-08]"
COL17A1,2,"[7.03e-05, 0.043814712]"
ANXA1,2,"[9.92e-05, 0.0029516090000000004]"
CD55,2,"[0.000110131, 0.003032575]"
LAPTM5,2,"[0.000251728, 5.7499999999999995e-05]"
FOS,2,"[0.00027649900000000004, 3.74e-05]"
ENO1,2,"[0.000306422, 0.004265685]"
INMT,2,"[0.000338243, 0.00079936]"
SAA1,2,"[0.000338243, 0.002207145]"
EFNA1,2,"[0.00038480599999999996, 3.89e-06]"
CHPF,2,"[0.00044191900000000004, 0.014782398]"
SERPINE2,2,"[0.000462171, 0.011730388000000001]"
POSTN,2,"[0.000493231, 0.000898543]"
REG3A,2,"[0.001082278, 0.000153224]"
LYZ,2,"[0.001098054, 0.004892727]"
CCL21,2,"[0.002510006, 0.027535267000000002]"
CPA2,2,"[0.002955974, 7.16e-14]"
PFDN5,2,"[0.0031397359999999997, 0.023350866]"
CHGA,2,"[0.0040192629999999995, 0.002561285]"
CTSK,2,"[0.0045697559999999995, 0.011736728]"
APOE,2,"[0.0069832340000000005, 1.92e-06]"
GRASP,2,"[0.014351098, 0.009725408]"
SPON2,2,"[0.016046898, 5.5e-14]"
EFEMP1,2,"[0.021388171, 1.25e-06]"
MAP2K2,2,"[0.024239116, 0.000398572]"
KDELR2,2,"[0.024483654, 0.021039343]"
CALM2,2,"[0.024513022000000002, 0.042012915]"
ZCCHC24,2,"[0.027650106, 0.028837132]"
EEF1B2,2,"[0.033500405, 0.0034061940000000004]"
CRISPLD2,2,"[0.042743983, 0.028138409]"
BHLHE40,2,"[0.043994081, 4.59e-05]"
AHNAK2,2,"[0.0016662279999999998, 0.000126235]"
TXNIP,2,"[0.01097824, 2.92e-06]"
AGT,2,"[0.043810755, 0.033049943]"
ZFP36L2,2,"[0.043810755, 0.005559001]"
EGR1,2,"[3.4899999999999993e-13, 0.027720381000000002]"
DUSP1,2,"[8.590000000000001e-07, 1.78e-06]"
CD63,2,"[3.28e-06, 3.02e-05]"
ADAMTS1,2,"[0.001401905, 0.0053647059999999995]"
CERS2,1,[3.55e-11]
ITGB6,1,[1.19e-06]
TNFRSF21,1,[2.11e-05]
ARL14,1,[0.00015133399999999998]
TGFBI,1,[0.000771463]
IER3,1,[0.000789436]
GPX4,1,[0.00247108]
CAPN8,1,[0.0029887940000000003]
HSPA1B,1,[0.005419055999999999]
SSFA2,1,[0.017281428]
NT5E,1,[0.019223961]
SPTBN1,1,[0.034349428]
GRWD1,1,[0.038267052999999995]
SLC20A1,1,[8.909999999999998e-13]
KRT16,1,[3.0099999999999997e-09]
HMGB1,1,[7.06e-07]
BSG,1,[3.570000000000001e-05]
UBC,1,[0.00018390599999999998]
NBPF20,1,[0.000593177]
S100A2,1,[0.001221717]
NBPF10,1,[0.001250625]
APOL1,1,[0.001265773]
CST6,1,[0.0012847660000000001]
ANXA8,1,[0.001402113]
MX1,1,[0.001402113]
SOX4,1,[0.00149815]
SEZ6,1,[0.0017831260000000001]
SENP7,1,[0.002548458]
SNU13,1,[0.0032512509999999997]
PTMS,1,[0.003554781]
MTDH,1,[0.003868518]
MACF1,1,[0.004149198]
WNT5B,1,[0.005500764]
EIF6,1,[0.006676493]
NBPF14,1,[0.007639236]
XAF1,1,[0.007652405]
NBPF12,1,[0.008203696]
DDX24,1,[0.008612205]
RUNX1,1,[0.008882830999999999]
PGGHG,1,[0.011228567]
POLR2J3,1,[0.013937156000000001]
P4HB,1,[0.016901212]
B4GALNT3,1,[0.017375403]
GMFB,1,[0.017925132]
PPM1N,1,[0.020499608]
RNASET2,1,[0.02235118]
H2AFJ,1,[0.023255397999999997]
LDLR,1,[0.023255397999999997]
RBM25,1,[0.025059796000000002]
NBPF26,1,[0.026478142000000003]
WDR82,1,[0.027414449]
ATP5G2,1,[0.029514227999999997]
PSMA3,1,[0.031645152]
GFOD1,1,[0.033176414]
SUPT5H,1,[0.036022594]
INHBA,1,[0.038488227]
CITED4,1,[0.042235262]
PAAF1,1,[0.043932816]
ACTG2,1,[1.78e-14]
REG1A,1,[2.84e-14]
SYNPO2,1,[4.3e-08]
COL7A1,1,[1.14e-07]
MYRF,1,[1.62e-07]
CTTN,1,[2.7100000000000003e-07]
SERINC2,1,[7.32e-07]
CLDN2,1,[1.64e-06]
CSRP1,1,[3.17e-06]
ID1,1,[6.64e-05]
MUC3A,1,[0.000104058]
MYLK,1,[0.00010671299999999999]
PLEC,1,[0.00012138]
MCAM,1,[0.000171275]
BUD31,1,[0.00017421]
ITGA3,1,[0.000207652]
DSTN,1,[0.000238457]
TNC,1,[0.00024541900000000003]
ANPEP,1,[0.000309193]
CLDN10,1,[0.000424821]
ATP5J2,1,[0.000439196]
NECTIN2,1,[0.0004984880000000001]
SMTN,1,[0.000599328]
S100A11,1,[0.00083429]
ACTN1,1,[0.0009199330000000001]
TESC,1,[0.001244721]
TPM1,1,[0.001244721]
PRRG3,1,[0.001303335]
RGMA,1,[0.0013997979999999998]
JUP,1,[0.0015122179999999999]
CES1,1,[0.001570576]
BCL2L1,1,[0.001647325]
DHCR7,1,[0.00171754]
TNS1,1,[0.0017818279999999998]
CLDN7,1,[0.001837125]
EPHB4,1,[0.0027699490000000003]
CAPN5,1,[0.003729068]
RTN4,1,[0.004585055]
SDC1,1,[0.00473376]
PPP1R14A,1,[0.00511487]
PLOD3,1,[0.0052224409999999995]
COL14A1,1,[0.005458578]
MRGPRF,1,[0.005458578]
CNN3,1,[0.006969161999999999]
S100A16,1,[0.007984811999999999]
GIPC1,1,[0.009680745]
LTBP1,1,[0.010669173999999998]
LSR,1,[0.011033379]
BAIAP2L1,1,[0.01103932]
TSPO,1,[0.013396173]
AQP1,1,[0.013746136]
BRMS1,1,[0.021856059]
CKB,1,[0.026899700000000002]
MSLN,1,[0.029187791]
RGS5,1,[0.029187791]
SDC4,1,[0.029925696]
BCAM,1,[0.032204967]
LTBP4,1,[0.032445892000000004]
GNB2,1,[0.03267428]
COPZ1,1,[0.034813934]
NOP53,1,[0.036180509]
PIEZO1,1,[0.036180509]
AGPAT2,1,[0.040550933]
EFHD2,1,[0.040946762000000005]
WFDC2,1,[8.86e-09]
TYMP,1,[4.08e-08]
CRABP2,1,[4.5600000000000004e-05]
MTRNR2L3,1,[0.000152352]
ISLR,1,[0.000161918]
RARRES3,1,[0.001475549]
MTRNR2L11,1,[0.0048821490000000006]
STMN1,1,[0.007397730999999999]
APH1A,1,[0.007708161999999999]
CD52,1,[0.018658131]
CACNA1A,1,[0.020621918]
TMEM9,1,[0.021001396000000002]
ATP5I,1,[0.028896763]
TSC22D4,1,[0.031494548]
GPSM3,1,[0.033504665]
HIGD2A,1,[0.033504665]
SPINK4,1,[8.25e-14]
CRP,1,[9.1e-14]
MZB1,1,[9.1e-14]
PI3,1,[9.1e-14]
PTMA,1,[9.1e-14]
PYY,1,[9.1e-14]
TSPAN8,1,[9.1e-14]
C1QC,1,[1.4099999999999998e-13]
FBN1,1,[1.4099999999999998e-13]
LRRC15,1,[1.4099999999999998e-13]
MMP12,1,[1.4099999999999998e-13]
PPP3R1,1,[1.4099999999999998e-13]
SAT1,1,[1.4099999999999998e-13]
STAB1,1,[1.4099999999999998e-13]
STN1,1,[1.4099999999999998e-13]
THY1,1,[1.4099999999999998e-13]
CXCL1,1,[5.21e-13]
PTGIS,1,[8.8e-13]
S100P,1,[1.66e-12]
NACA2,1,[2.9999999999999997e-12]
CHCHD2,1,[9.56e-12]
MMP9,1,[1.06e-11]
LRP1,1,[8.840000000000001e-11]
TPI1,1,[9.709999999999999e-11]
CEACAM1,1,[1.11e-10]
HNRNPA1,1,[1.43e-10]
DUOX2,1,[1.44e-10]
SERPINB1,1,[1.44e-10]
NACA,1,[3.31e-10]
GPRC5A,1,[4.0099999999999996e-10]
HLA-A,1,[4.3499999999999995e-10]
FYTTD1,1,[5.26e-10]
CA9,1,[7.83e-10]
SLC6A8,1,[1.19e-09]
PECAM1,1,[1.6e-09]
HLA-C,1,[3.8e-09]
MAL2,1,[4.74e-09]
YWHAZ,1,[1.1699999999999999e-08]
GNAI2,1,[1.25e-08]
LRRC41,1,[2.2999999999999998e-08]
NAPB,1,[2.2999999999999998e-08]
CCDC57,1,[2.33e-08]
SERPINA5,1,[3.18e-08]
DERL3,1,[7.21e-08]
MMP7,1,[8.1e-08]
LTBP2,1,[2.3199999999999999e-07]
GAS6,1,[2.3600000000000002e-07]
PDPN,1,[2.82e-07]
METAP2,1,[4.0399999999999996e-07]
HSP90AA1,1,[4.3600000000000004e-07]
RBM33,1,[5.44e-07]
TSPAN1,1,[8.64e-07]
COL8A1,1,[9.87e-07]
FABP1,1,[1.08e-06]
MYH9,1,[1.22e-06]
MRPL57,1,[1.3e-06]
APCS,1,[1.32e-06]
CALHM2,1,[1.33e-06]
C15orf48,1,[1.35e-06]
MUC13,1,[1.72e-06]
RFTN1,1,[1.89e-06]
PLXND1,1,[1.94e-06]
KLF5,1,[2.25e-06]
NDUFA5,1,[2.66e-06]
HK2,1,[3.17e-06]
TMEM119,1,[4.03e-06]
TRMT112,1,[7.8e-06]
OLFML3,1,[7.98e-06]
FAM109A,1,[8.04e-06]
PIM2,1,[9.82e-06]
CXCL8,1,[1.4099999999999999e-05]
PTGES3,1,[1.53e-05]
RAMP2,1,[1.74e-05]
COL5A1,1,[2.1899999999999997e-05]
LTF,1,[2.9600000000000005e-05]
LRSAM1,1,[3.74e-05]
ZNF317,1,[4.6899999999999995e-05]
C14orf166,1,[4.72e-05]
CEMIP,1,[5.31e-05]
NUCB1,1,[7.32e-05]
CPXM2,1,[7.75e-05]
TMEM123,1,[8.05e-05]
PERP,1,[8.740000000000001e-05]
DSG2,1,[9.329999999999999e-05]
SHMT2,1,[0.000105301]
TRIM29,1,[0.00011020700000000001]
DEFB1,1,[0.00011378]
C4orf3,1,[0.00012151]
VSIR,1,[0.000126741]
EGLN3,1,[0.000138479]
PTRHD1,1,[0.000152425]
CD79A,1,[0.000156548]
AZIN1,1,[0.00016392700000000002]
ST6GALNAC1,1,[0.00018710099999999998]
THBS2,1,[0.000230283]
CD93,1,[0.000244357]
CILP2,1,[0.000244357]
COX6A1,1,[0.000254375]
EIF1,1,[0.000310205]
ITIH5,1,[0.000311025]
MAP7D1,1,[0.000350605]
MRC2,1,[0.0003924]
UQCRQ,1,[0.000474539]
UCK1,1,[0.00048605800000000004]
FAM20C,1,[0.000502986]
PDGFRA,1,[0.000529113]
TPD52,1,[0.000573505]
H1F0,1,[0.000653147]
RBM15B,1,[0.000732562]
TIMM13,1,[0.0008206289999999999]
CENPV,1,[0.000894229]
ERRFI1,1,[0.001071662]
PMM1,1,[0.001071662]
ADM,1,[0.001078914]
ANXA6,1,[0.001098054]
NDUFA4L2,1,[0.001101477]
SLCO4A1,1,[0.001127915]
ITGA2,1,[0.001132774]
NQO1,1,[0.001162891]
TSPAN3,1,[0.0013466970000000002]
COL4A1,1,[0.001366761]
MMP3,1,[0.001386133]
ACTR6,1,[0.001408312]
EVA1B,1,[0.001482494]
ALDH1B1,1,[0.001521851]
HLA-DMB,1,[0.0015591029999999998]
HOXB7,1,[0.0015591029999999998]
SAMHD1,1,[0.0016199810000000002]
AC136616.1,1,[0.0016881370000000001]
EVL,1,[0.0016881370000000001]
CFTR,1,[0.001821925]
HNRNPF,1,[0.0018792260000000001]
KLK10,1,[0.00194389]
PLS1,1,[0.001966547]
RARRES1,1,[0.002003992]
RHOF,1,[0.002003992]
GJA4,1,[0.002106538]
ARNTL2,1,[0.002142881]
PXDN,1,[0.002149817]
DHCR24,1,[0.0021672429999999997]
NID1,1,[0.0024962079999999998]
TSC22D3,1,[0.002524814]
FAM3D,1,[0.002562859]
GMDS,1,[0.002606422]
EPB41L1,1,[0.002718409]
CYBRD1,1,[0.0031960490000000003]
PLAUR,1,[0.0031960490000000003]
CAPZA2,1,[0.003234217]
PCDH12,1,[0.0033991990000000003]
CD59,1,[0.003996191]
CDH1,1,[0.004071687]
HERPUD1,1,[0.004071687]
SMAP2,1,[0.004339265]
IL1RN,1,[0.004351908]
SMPD1,1,[0.0045697559999999995]
FSTL3,1,[0.0046896609999999995]
RHPN2,1,[0.004695017]
ABHD17C,1,[0.004728819]
TACSTD2,1,[0.004728819]
SLC25A5,1,[0.004746941]
AMBP,1,[0.0048527679999999995]
PELI1,1,[0.00498842]
LRG1,1,[0.005111968]
HSPD1,1,[0.005570465]
PEA15,1,[0.005790568]
CALR,1,[0.005804389]
HLA-DMA,1,[0.005804389]
MISP,1,[0.006052953000000001]
NPIPA2,1,[0.006126316999999999]
PRR15L,1,[0.006216032]
DNTTIP1,1,[0.006227446]
RBM47,1,[0.00629287]
XYLT2,1,[0.00629287]
ASS1,1,[0.006992419000000001]
ICAM2,1,[0.007029563000000001]
ADAM10,1,[0.00735271]
VEGFA,1,[0.00746523]
HBA2,1,[0.007540763000000001]
VCAN,1,[0.007556783]
FNDC1,1,[0.007607989]
PGK1,1,[0.007970509]
AKR1C2,1,[0.008082198]
SRPX2,1,[0.008181925999999999]
ITGB1,1,[0.008395787]
SPINT1,1,[0.008707895]
BCAP31,1,[0.008810014]
RAB34,1,[0.008844554000000001]
C7orf50,1,[0.00894817]
COL11A1,1,[0.00894817]
HLA-DQB1,1,[0.01023331]
CIRBP,1,[0.0103816]
PAK4,1,[0.010716733999999999]
PNPLA6,1,[0.010823271]
SERPINB5,1,[0.010823271]
MRPL12,1,[0.011011851000000001]
SDC2,1,[0.011014168000000001]
TUBGCP2,1,[0.011314833]
ANTXR1,1,[0.011717036]
TXN,1,[0.011739696]
CSF1R,1,[0.011963308999999998]
PTBP1,1,[0.012873453]
TSTA3,1,[0.013082908]
LPAR2,1,[0.013098055]
KDM3A,1,[0.01385175]
FHL2,1,[0.013883481999999999]
C19orf70,1,[0.013898457]
CTSE,1,[0.017912038999999998]
MXRA8,1,[0.018061895]
ACVRL1,1,[0.018266057]
HMGCS1,1,[0.018487224]
LOXL3,1,[0.018612631]
NCBP2,1,[0.019160651]
DUOXA1,1,[0.019626821000000003]
SCD,1,[0.019645866]
PDLIM2,1,[0.020301382]
DSP,1,[0.020387488999999998]
DHRS9,1,[0.020401546]
MAP1B,1,[0.020466549]
TUBA1B,1,[0.020915871000000003]
ROBO4,1,[0.020958027]
APLNR,1,[0.021173762000000002]
TMEM45B,1,[0.021621179]
PPHLN1,1,[0.022195079]
TM9SF3,1,[0.022586877999999998]
APEX2,1,[0.022613356]
TNPO2,1,[0.023381482999999998]
NAGK,1,[0.02380629]
PODNL1,1,[0.02380629]
RAP1GAP,1,[0.023924496]
SPSB3,1,[0.024503893]
ATP5G3,1,[0.024750275]
TMED4,1,[0.025268264]
DSC2,1,[0.025271263]
DUSP4,1,[0.02662339]
ANGPTL2,1,[0.026913957999999998]
C15orf39,1,[0.027234527999999997]
CRIP2,1,[0.030723643999999998]
PFKFB3,1,[0.030773566000000002]
CCNG2,1,[0.031212859]
PDGFRB,1,[0.031594129]
GDF15,1,[0.031771783]
UCP2,1,[0.031936677000000004]
TMPRSS2,1,[0.031966678]
UNC119,1,[0.033500405]
PLD3,1,[0.034925107000000004]
CPE,1,[0.035895985]
MPRIP,1,[0.036109181000000004]
TOMM20,1,[0.03658861]
SMARCA4,1,[0.037833265]
RAC1,1,[0.03877667]
CHMP4C,1,[0.039313197]
FERMT3,1,[0.039428532]
CYP2S1,1,[0.039787562]
PTGFRN,1,[0.040687171]
SNRPD1,1,[0.041642601]
VNN1,1,[0.042250548]
AKR1C1,1,[0.042421148]
CCL20,1,[0.042421148]
CD164,1,[0.042421148]
CTHRC1,1,[0.042421148]
RANGAP1,1,[0.043150329]
PCBP1,1,[0.045007197]
R3HDM2,1,[0.045170307]
LSM5,1,[0.047175901]
KRTCAP3,1,[0.047887022]
MET,1,[0.047887022]
CASC3,1,[0.048649273]
GALNS,1,[0.048664377]
ITGB5,1,[0.048664377]
USMG5,1,[0.048664377]
SCG5,1,[2.97e-10]
ANGPTL4,1,[1.56e-06]
SCGN,1,[4.37e-06]
NUPR1,1,[6.18e-05]
PLAT,1,[0.000151535]
GNAS,1,[0.0006486980000000001]
SAMD11,1,[0.004957867]
ATP2A2,1,[0.006495821]
CLDN12,1,[0.006898214000000001]
LSP1,1,[0.0077509530000000005]
GPNMB,1,[0.010008364]
HLA-DQA1,1,[0.016066021]
CDH17,1,[0.017827726999999998]
MYH14,1,[0.02497294]
PTGS2,1,[0.030285579]
TYROBP,1,[0.033462562]
RBP4,1,[0.035842974]
NR3C1,1,[0.035861901]
SST,1,[0.036107137000000004]
AHNAK,1,[0.040669252999999995]
HSPB1,1,[0.040669252999999995]
ATP5E,1,[1.2099999999999999e-11]
ATF3,1,[1.6399999999999999e-07]
AXL,1,[6.21e-07]
BTG2,1,[3.28e-06]
ADAMTS4,1,[0.000106089]
APBB3,1,[0.00127591]
CD68,1,[0.0014963329999999999]
BTF3,1,[0.001750145]
CU639417.2,1,[0.001940049]
ATP6AP1,1,[0.002418839]
DPP7,1,[0.002658822]
DEK,1,[0.00286299]
ALDH1A1,1,[0.003386882]
ATP5EP2,1,[0.003666205]
ARPC5,1,[0.004177955]
AKR1B10,1,[0.007797701]
C11orf58,1,[0.014782398]
DAB2IP,1,[0.017194202]
DNAJC5,1,[0.020689211000000002]
CBR1,1,[0.026605362]
CSRNP1,1,[0.031052686]
DUSP2,1,[0.031052686]
CANT1,1,[0.031643772]
PI16,1,[5.5e-14]
PLA2G2A,1,[5.5e-14]
MT1X,1,[7.16e-14]
PRSS3,1,[7.16e-14]
MT1E,1,[3.9299999999999994e-13]
MT1G,1,[4.830000000000001e-13]
SELENOP,1,[3.1299999999999998e-12]
PNLIPRP1,1,[5.36e-11]
CPA5,1,[7.81e-11]
CELA2B,1,[1.22e-09]
MT1H,1,[1.3300000000000002e-09]
CCL17,1,[5.72e-07]
ITGA5,1,[6.110000000000001e-07]
SPHK1,1,[6.48e-07]
EMP1,1,[7.970000000000001e-07]
HCFC1R1,1,[8.9e-07]
ST5,1,[2.52e-06]
TUBB6,1,[1.6e-05]
NFATC1,1,[2.95e-05]
MUC5AC,1,[3.2200000000000003e-05]
TMEM204,1,[4.01e-05]
MAN1C1,1,[5.05e-05]
B4GAT1,1,[8.92e-05]
COX7A1,1,[9.18e-05]
MT1M,1,[0.00011598799999999999]
SOD2,1,[0.00015032200000000002]
PMP22,1,[0.000186768]
LMNA,1,[0.000190804]
ZFP36L1,1,[0.000199657]
P3H4,1,[0.000302774]
ARAP1,1,[0.00039505800000000005]
APOC1,1,[0.000396431]
SRGN,1,[0.000603014]
DHRS4,1,[0.000660807]
LCNL1,1,[0.000703445]
LGALS3BP,1,[0.000746948]
BZW1,1,[0.00079936]
SRRT,1,[0.0008916439999999999]
AMY2B,1,[0.000956017]
PKM,1,[0.001072623]
CTSC,1,[0.001302737]
RAMP1,1,[0.001477785]
EHD2,1,[0.0016802120000000002]
SYNE2,1,[0.0017774289999999999]
ADH1B,1,[0.001907308]
LOXL2,1,[0.002012003]
SHC2,1,[0.002161025]
REXO2,1,[0.002187432]
STRA6,1,[0.002212706]
PIM1,1,[0.0023733960000000003]
GADD45B,1,[0.002449672]
DPT,1,[0.0030555409999999997]
MSN,1,[0.00322146]
GGT5,1,[0.00332062]
F2RL2,1,[0.004224805999999999]
CMKLR1,1,[0.0042520890000000006]
WISP2,1,[0.006399421]
SLIT3,1,[0.006616155]
SNRPB,1,[0.006616155]
RGCC,1,[0.006733463]
SLC38A2,1,[0.006838517]
CLEC11A,1,[0.006971224]
RAB31,1,[0.008318931]
ITIH3,1,[0.008844834000000001]
SSC5D,1,[0.008844834000000001]
CD163,1,[0.009673411]
TSC22D1,1,[0.009673411]
CD248,1,[0.00998537]
MICALL2,1,[0.00998537]
TMEM130,1,[0.010186921]
DTX1,1,[0.011730388000000001]
SF1,1,[0.012756783999999998]
LGMN,1,[0.013487755]
FOXS1,1,[0.015823574]
MINDY2,1,[0.01643707]
MAPK3,1,[0.01804625]
SLC6A6,1,[0.018795155]
TGFB1,1,[0.019662041]
PCOLCE,1,[0.01992006]
SRSF5,1,[0.01992006]
PHLDA3,1,[0.021841616]
VMP1,1,[0.023350866]
CLDN11,1,[0.026597173999999998]
LDHA,1,[0.028125373]
ITGAV,1,[0.033365502000000005]
HMGN2,1,[0.034544207]
ETS1,1,[0.034654602]
HLA-DRB5,1,[0.034706518]
EEF1D,1,[0.037860327]
HIPK3,1,[0.039345242999999995]
NFKBIA,1,[0.039382847]
ZYX,1,[0.041205438999999996]
DHRS4L2,1,[0.043307799]
PACS1,1,[0.045094589000000004]
SULF2,1,[0.047788822]
