CERS2,3.00E-15,3.55E-11
RARRES2,1.55E-15,3.55E-11
BEST1,1.40E-14,1.10E-10
TAGLN,5.08E-14,3.01E-10
FN1,2.13E-13,1.01E-09
MTRNR2L12,4.30E-12,1.70E-08
CAVIN1,1.25E-11,4.24E-08
MTRNR2L8,1.18E-10,3.50E-07
AEBP1,1.93E-10,5.09E-07
S100A4,3.70E-10,8.77E-07
TMSB10,4.89E-10,1.05E-06
MMP11,5.39E-10,1.06E-06
ITGB6,6.55E-10,1.19E-06
MMP1,7.21E-10,1.22E-06
HSPA1A,9.68E-10,1.53E-06
MUC1,3.31E-09,4.90E-06
IFI6,3.72E-09,5.19E-06
KRT19,1.14E-08,1.51E-05
FLNA,1.65E-08,2.05E-05
SERPINA1,1.85E-08,2.11E-05
TNFRSF21,1.87E-08,2.11E-05
ALDOA,2.78E-08,2.99E-05
FOSB,4.92E-08,5.06E-05
GPX2,9.00E-08,8.88E-05
COL1A2,9.50E-08,8.99E-05
ARL14,1.66E-07,0.000151334
MTRNR2L1,2.45E-07,0.000214552
CEACAM6,3.30E-07,0.000278741
MYL9,6.71E-07,0.000548057
IFI27,8.57E-07,0.000676098
TGFBI,1.01E-06,0.000771463
IER3,1.07E-06,0.000789436
COL3A1,1.19E-06,0.000828469
GAPDH,1.18E-06,0.000828469
TCN1,1.24E-06,0.00083689
CYR61,1.48E-06,0.000974642
KRT17,1.75E-06,0.001120749
PFN1,2.58E-06,0.00160924
S100A6,3.25E-06,0.001974478
GPX4,4.17E-06,0.00247108
CLDN4,4.85E-06,0.002799783
CD24,5.05E-06,0.002845878
CAPN8,5.43E-06,0.002988794
FTH1,5.57E-06,0.002997096
CST1,5.76E-06,0.003031733
TM4SF1,6.40E-06,0.003295873
DNAJB1,7.96E-06,0.004010762
ECM1,8.41E-06,0.004147518
C19orf33,9.51E-06,0.004519389
CFB,9.54E-06,0.004519389
SPINK1,1.02E-05,0.0047336
HSPA1B,1.19E-05,0.005419056
CD81,2.32E-05,0.010371933
EMILIN1,3.11E-05,0.01364486
EEF1A1,3.19E-05,0.013745021
TIMP1,3.73E-05,0.015753835
TMSB4X,4.05E-05,0.016808079
SSFA2,4.23E-05,0.017281428
EZR,4.38E-05,0.017582325
NBPF19,4.95E-05,0.019223961
NT5E,4.95E-05,0.019223961
ACTB,5.12E-05,0.019547091
ZNF423,5.25E-05,0.019714808
C11orf96,6.23E-05,0.023034086
TPT1,6.32E-05,0.023034086
COL6A2,6.45E-05,0.023126036
SYNGR2,7.25E-05,0.025625739
DDX5,7.52E-05,0.026177108
GSTP1,8.73E-05,0.029965113
CTGF,0.000100187,0.03389149
NR4A1,0.000102525,0.034193862
SPTBN1,0.000104442,0.034349428
GRWD1,0.000120855,0.038267053
PLVAP,0.000121202,0.038267053
SELENOM,0.000119393,0.038267053
B2M,0.000133656,0.041643923
PMEPA1,0.000139411,0.042872791
VIM,0.00015657,0.047532364
NCBP2-AS2,0.000208671,0.062547423
MFGE8,0.000231691,0.068579464
TGFB1I1,0.000253607,0.074139907
PLAT,0.000257281,0.074296546
ITGB4,0.000265909,0.075862923
CST2,0.000270819,0.076343993
SLC9A3R1,0.000286102,0.079703613
C1QTNF1,0.000291488,0.080259736
PTMS,0.000316325,0.086097428
PLAU,0.000344327,0.092653871
COL1A1,0.000354017,0.09419097
ANGPTL4,0.000372002,0.097876355
HNRNPH1,0.000402926,0.103708042
MUC5B,0.0004029,0.103708042
ID1,0.000461986,0.117630797
HIF1A,0.000473492,0.119277871
LAMTOR1,0.000498247,0.124192766
SLC6A14,0.00053994,0.133183375
ATP1B1,0.000551403,0.134608658
TIMP3,0.000568588,0.13738736
TNFSF9,0.000574774,0.137479341
BGN,0.000594079,0.139228575
GABRP,0.000589456,0.139228575
LTBP1,0.000601523,0.139228575
RNASE1,0.000605606,0.139228575
JAG1,0.000627694,0.142919028
DUOXA2,0.000662816,0.148986392
PKM,0.000666925,0.148986392
HTRA1,0.000724392,0.160311608
BTG1,0.000737927,0.161794997
BAIAP2L1,0.000794662,0.172636011
CST3,0.000821888,0.175801314
TSPAN8,0.000824081,0.175801314
DHCR24,0.000832511,0.176014019
ANXA2,0.000867894,0.181871063
PTK7,0.00088343,0.183502757
STX4,0.000936148,0.192762269
CTSD,0.000974382,0.19890538
COL6A3,0.001010365,0.204487912
S100A14,0.00104927,0.210562277
RHOC,0.001218249,0.242417757
FKBP10,0.001300867,0.253585338
TOR4A,0.001306497,0.253585338
TXNIP,0.001297351,0.253585338
LGALS3BP,0.001338818,0.257745896
MT1E,0.001368991,0.261429307
AKR1C3,0.00142589,0.269866675
FTL,0.001435967,0.269866675
ELOB,0.001467838,0.270561719
ELOVL1,0.001485369,0.270561719
TMC4,0.001483234,0.270561719
ZNF358,0.001460688,0.270561719
ARL4C,0.001528843,0.276354712
CCT2,0.001551485,0.278323051
ACTN1,0.001590532,0.28318235
TPSAB1,0.001625543,0.287255941
P2RX4,0.001673085,0.293467199
CST4,0.001691972,0.294597982
MYL12B,0.002003696,0.345541192
TRIM29,0.002013741,0.345541192
EFEMP2,0.002117595,0.360747692
COL6A1,0.00225726,0.381163254
SLC44A4,0.002269628,0.381163254
LDLR,0.00234547,0.391126286
MDK,0.002385192,0.39496868
PLK3,0.002436176,0.400609738
COL5A1,0.002471299,0.402086993
JUND,0.00247912,0.402086993
XAF1,0.00252483,0.406714963
EPS8L3,0.002777698,0.444425167
GPRC5A,0.002807579,0.446191326
SPCS3,0.002848673,0.449703949
THY1,0.002892011,0.453522111
CTTN,0.002962208,0.461474119
SYT13,0.002993707,0.46282143
ZFP36L2,0.003009947,0.46282143
NMB,0.003050295,0.465999607
ADIPOR2,0.003075323,0.466811522
COMP,0.00337777,0.508188074
MAT2A,0.003399208,0.508188074
TNFSF10,0.003412292,0.508188074
PPP2CA,0.003460086,0.512085239
KRT18,0.003551296,0.519095453
TIAL1,0.003537367,0.519095453
CYSTM1,0.003598179,0.519534357
DKK1,0.003582359,0.519534357
SLC25A1,0.003621606,0.519747781
CARS,0.003684381,0.521901079
OLFM4,0.00372477,0.521901079
SERPING1,0.003724595,0.521901079
THBS2,0.003702576,0.521901079
COMMD1,0.003901384,0.543431973
TPSB2,0.003940178,0.545626095
FBLN1,0.004068223,0.550960144
ITGA11,0.004071766,0.550960144
MT1X,0.004032839,0.550960144
SRP14,0.004071114,0.550960144
IGFBP5,0.00413179,0.555905519
RPS27L,0.004179626,0.559164482
SLPI,0.004237871,0.563771569
TMEM173,0.004299452,0.56876847
PRELID1,0.004415907,0.580928699
TXLNA,0.004462125,0.583765698
SPNS2,0.004582669,0.596241859
HLA-B,0.00471775,0.610021498
PTPRF,0.004740101,0.610021498
COL18A1,0.004871287,0.623515641
NDRG1,0.004903004,0.624201339
NOP10,0.005128157,0.649374366
AC015802.6,0.005160263,0.649580151
PDZK1IP1,0.005184646,0.649580151
GTF3C1,0.005412332,0.674537761
WNT5A,0.005535419,0.68626603
KLF5,0.005572367,0.687248575
IGFBP6,0.005718391,0.701603797
SPARC,0.005767274,0.703953991
CKLF,0.005830513,0.706558675
EVA1B,0.00584829,0.706558675
POSTN,0.006028102,0.720926147
PRDX1,0.006000003,0.720926147
APOL1,0.006075775,0.722976225
IFITM2,0.006112946,0.723762342
APOL2,0.006310705,0.741393239
GPR35,0.006324477,0.741393239
KRT16,0.006374344,0.743558004
PTTG1IP,0.006435413,0.747001801
PHLDA3,0.006517003,0.751574556
PLXNB1,0.006538286,0.751574556
CD74,0.006774758,0.774994844
CCDC85B,0.006866945,0.781763911
ADAM10,0.007035105,0.796429094
SELENOT,0.007063029,0.796429094
ABHD2,0.007131259,0.800311664
GCNT3,0.007323436,0.814161734
MALL,0.007297101,0.814161734
CYBA,0.007480926,0.816339879
KLF15,0.007442267,0.816339879
SOD1,0.00747765,0.816339879
VRK3,0.007442183,0.816339879
TOMM7,0.007539728,0.818982385
MYL6,0.007578101,0.819391949
ERI3,0.007652677,0.819967265
SNRPD2,0.007634639,0.819967265
EDF1,0.007837321,0.832220072
MYO1E,0.007822086,0.832220072
HLA-E,0.008138993,0.8603954
CD164,0.008278388,0.871241689
LAMC2,0.008483533,0.888881232
MYRF,0.008562699,0.89322367
CD55,0.008823459,0.9084195
CSNK1G2,0.008787436,0.9084195
DPP7,0.008776408,0.9084195
SMARCA4,0.008872704,0.909534973
DOCK6,0.008971849,0.915734099
CHD3,0.009098708,0.924696499
SH3BGRL3,0.009342495,0.945414815
SLC12A7,0.009547694,0.962068603
ATF3,0.009726757,0.97369694
HNRNPL,0.009745334,0.97369694
IL1RN,0.009819504,0.976985184
COMMD6,0.00992296,0.983147658
ITGB5,0.009991994,0.983975284
PSMA7,0.010014421,0.983975284
A2M,0.662866243,1
A4GALT,0.078865446,1
AAMP,0.346715833,1
AATF,0.639907181,1
ABCB8,0.229654921,1
ABCC3,0.015833519,1
ABCF1,0.433911994,1
ABCF3,0.372424851,1
ABHD11,0.599512513,1
ABHD12,0.795797828,1
ABHD14B,0.157026681,1
ABHD17C,0.026349884,1
ABL1,0.375355104,1
ABLIM1,0.0181728,1
ABLIM3,0.262383595,1
ABTB1,0.404058444,1
AC004556.1,0.432041149,1
AC126755.2,0.170391549,1
AC138969.1,0.281741467,1
ACADVL,0.365860313,1
ACBD3,0.113357466,1
ACO2,0.187000874,1
ACOT7,0.510429026,1
ACP1,0.564563234,1
ACP2,0.282242806,1
ACP5,0.100133794,1
ACSL3,0.654975873,1
ACSL5,0.032369009,1
ACTA2,0.367584453,1
ACTG1,0.03481052,1
ACTL6A,0.038359241,1
ACTN4,0.536135063,1
ACTR1B,0.60971611,1
ACTR2,0.613523643,1
ACTR3,0.897320156,1
ADAM15,0.695816328,1
ADAM8,0.522551603,1
ADAM9,0.197756052,1
ADAP1,0.401421479,1
ADAR,0.227279524,1
ADD1,0.475133238,1
ADGRE5,0.306551249,1
ADGRG1,0.474507241,1
ADI1,0.604411397,1
ADIPOR1,0.57328954,1
ADRM1,0.756416572,1
AES,0.239618681,1
AFDN,0.783980281,1
AGAP3,0.548587667,1
AGFG1,0.46870886,1
AGPAT1,0.06925722,1
AGPAT2,0.442679121,1
AGR2,0.063990006,1
AGTRAP,0.739660241,1
AHCY,0.392789756,1
AHCYL1,0.78471872,1
AHNAK,0.326043777,1
AHNAK2,0.85773713,1
AHSA1,0.212193739,1
AIDA,0.688107811,1
AIP,0.357903066,1
AK2,0.451735553,1
AKAP13,0.508150153,1
AKAP8L,0.549482599,1
AKR1A1,0.218558994,1
AKT1,0.584715537,1
AKT1S1,0.664828809,1
AKT2,0.428142849,1
ALDH18A1,0.731121247,1
ALDH1B1,0.217176618,1
ALDH3B1,0.889245827,1
ALG3,0.575582491,1
ALKBH5,0.074601353,1
ALKBH7,0.055372546,1
ALOX5AP,0.037545205,1
ALS2CL,0.130354013,1
AMN,0.306357762,1
ANAPC11,0.361073643,1
ANAPC5,0.188227577,1
ANGPTL2,0.370630404,1
ANKLE2,0.837083567,1
ANKRD11,0.846727694,1
ANKRD13D,0.468750273,1
ANKRD45,0.640191141,1
ANO1,0.250775022,1
ANP32A,0.818001247,1
ANP32B,0.439046733,1
ANTXR1,0.553231974,1
ANXA1,0.775489218,1
ANXA11,0.098538874,1
ANXA3,0.337927606,1
ANXA4,0.073846038,1
ANXA5,0.752278038,1
ANXA6,0.104576202,1
AP1B1,0.723259209,1
AP1G2,0.152855867,1
AP1M1,0.038843976,1
AP1M2,0.199119368,1
AP1S1,0.606229202,1
AP2A1,0.769586279,1
AP2A2,0.707977569,1
AP2B1,0.685945264,1
AP2M1,0.909690125,1
AP2S1,0.019695975,1
AP3D1,0.554449824,1
APEH,0.041594787,1
APH1A,0.716903149,1
APLP2,0.38072823,1
APOE,0.03698134,1
APOPT1,0.092756464,1
APP,0.840364922,1
APRT,0.226711524,1
AQP5,0.250081656,1
ARAP1,0.849275838,1
ARCN1,0.642420518,1
ARF1,0.056431341,1
ARF4,0.175739194,1
ARF6,0.689942584,1
ARFGAP1,0.251812974,1
ARFGAP2,0.387756136,1
ARFIP2,0.627110536,1
ARFRP1,0.103883707,1
ARGLU1,0.034098382,1
ARHGAP1,0.372481882,1
ARHGAP27,0.2611717,1
ARHGAP4,0.424091127,1
ARHGDIA,0.299882884,1
ARHGEF1,0.35995337,1
ARHGEF12,0.90850754,1
ARHGEF2,0.468128718,1
ARL16,0.478042623,1
ARL2,0.475104784,1
ARL6IP1,0.100387888,1
ARL8A,0.483682923,1
ARPC1A,0.189503062,1
ARPC1B,0.041074253,1
ARPC2,0.886895472,1
ARPC3,0.28856582,1
ARPC4,0.532223673,1
ARPC5,0.981355295,1
ARPC5L,0.411100714,1
ARPP19,0.010530559,1
ARRDC1,0.250403449,1
ARRDC2,0.314848755,1
ARRDC3,0.023899118,1
ARSA,0.336607677,1
ASCC2,0.351930695,1
ASL,0.199655273,1
ASMTL,0.202817429,1
ASNA1,0.792233057,1
ASPH,0.69892615,1
ASPSCR1,0.035380936,1
ASS1,0.649776729,1
ATF4,0.092040838,1
ATF5,0.413890874,1
ATG10,0.202074034,1
ATG13,0.824129328,1
ATG2A,0.549598175,1
ATG4B,0.791890346,1
ATG9A,0.985023133,1
ATN1,0.748577233,1
ATOX1,0.387046618,1
ATP11B,0.6645774,1
ATP13A1,0.488103047,1
ATP1A1,0.301509602,1
ATP1B3,0.81902552,1
ATP2A2,0.839755983,1
ATP2A3,0.506305548,1
ATP5A1,0.75696721,1
ATP5B,0.632810842,1
ATP5D,0.281250343,1
ATP5E,0.507486356,1
ATP5EP2,0.504997696,1
ATP5G1,0.325412748,1
ATP5G2,0.188932249,1
ATP5G3,0.413685609,1
ATP5H,0.560303047,1
ATP5I,0.157169578,1
ATP5J,0.139854447,1
ATP5J2,0.219341647,1
ATP5L,0.088180269,1
ATP5O,0.707112063,1
ATP6AP1,0.269278921,1
ATP6AP2,0.315525253,1
ATP6V0A1,0.656980269,1
ATP6V0B,0.424760359,1
ATP6V0D1,0.273473371,1
ATP6V0E1,0.088777131,1
ATP6V1D,0.833608837,1
ATP6V1E1,0.924655514,1
ATP6V1F,0.068695513,1
ATP6V1G1,0.974399893,1
ATPIF1,0.121087091,1
ATRAID,0.293180273,1
ATXN2L,0.164183509,1
ATXN7L3B,0.034429491,1
AUP1,0.80231131,1
AURKAIP1,0.831288776,1
AXL,0.108613311,1
B3GAT3,0.530266569,1
B3GNT3,0.014296355,1
B4GALT1,0.299556761,1
B4GALT2,0.405987693,1
B4GALT3,0.833239967,1
B4GALT5,0.574655013,1
B4GALT7,0.403571496,1
BABAM1,0.82986971,1
BACE2,0.074953692,1
BAD,0.15938907,1
BAG1,0.307994595,1
BAG6,0.230346685,1
BAIAP2,0.145205376,1
BAIAP2L2,0.462551296,1
BAK1,0.465418909,1
BAP1,0.210220625,1
BAX,0.293445075,1
BAZ2A,0.717023732,1
BCAP31,0.239386809,1
BCAR1,0.417946533,1
BCAT2,0.862418735,1
BCKDK,0.86466366,1
BCL2L1,0.15831306,1
BCL3,0.721236652,1
BCL7C,0.078748395,1
BCL9L,0.751818219,1
BCR,0.677175719,1
BHLHE40,0.083301197,1
BIK,0.790647842,1
BIN1,0.449424121,1
BIRC2,0.609808461,1
BIRC3,0.512179592,1
BLCAP,0.384564967,1
BLOC1S1,0.609931553,1
BLVRB,0.305598968,1
BMP1,0.497685433,1
BOK,0.397221161,1
BOLA2B,0.576985906,1
BOP1,0.509614813,1
BRD2,0.590368331,1
BRD4,0.610183991,1
BRD9,0.687181642,1
BRI3,0.250333638,1
BRK1,0.549073405,1
BRMS1,0.232399953,1
BRSK1,0.448179318,1
BSG,0.245771981,1
BST2,0.012133281,1
BTBD2,0.674659534,1
BTF3,0.871474493,1
BUD23,0.470146039,1
BUD31,0.109736546,1
BZW1,0.219205687,1
C10orf10,0.02221591,1
C11orf24,0.233368364,1
C11orf58,0.481456467,1
C12orf10,0.942075794,1
C12orf54,0.057839842,1
C12orf57,0.422616454,1
C14orf166,0.366856454,1
C14orf2,0.44578359,1
C15orf39,0.545243792,1
C15orf48,0.032562825,1
C17orf62,0.570531107,1
C19orf24,0.81473857,1
C19orf53,0.059015929,1
C19orf60,0.538881131,1
C19orf70,0.345125092,1
C1QA,0.095659337,1
C1QTNF6,0.103073765,1
C1R,0.447325341,1
C1S,0.293034093,1
C1orf116,0.36940211,1
C1orf122,0.919410115,1
C1orf198,0.470232315,1
C1orf43,0.12462473,1
C21orf33,0.390816558,1
C2orf82,0.038018636,1
C3,0.023922382,1
C4A,0.414228226,1
C4B,0.566526248,1
C4orf3,0.637035518,1
C4orf48,0.522469578,1
C5orf15,0.169844787,1
C6orf106,0.157339903,1
C6orf132,0.509966879,1
C6orf48,0.114903813,1
C6orf62,0.63776484,1
C7orf50,0.153186231,1
C8orf4,0.05960621,1
C9orf16,0.688702473,1
CA12,0.091559998,1
CA9,0.416163208,1
CAB39,0.43092009,1
CABIN1,0.461866608,1
CACNA1A,0.23724772,1
CADM1,0.387026963,1
CALCOCO1,0.514810628,1
CALCOCO2,0.901488273,1
CALD1,0.315296177,1
CALM1,0.540011969,1
CALM2,0.346155656,1
CALM3,0.517844006,1
CALR,0.184564488,1
CALU,0.336820562,1
CAMK2N1,0.772394141,1
CAMSAP3,0.18583451,1
CANT1,0.60556909,1
CANX,0.376490874,1
CAP1,0.026650906,1
CAPG,0.894566867,1
CAPN1,0.237240932,1
CAPN12,0.363232764,1
CAPN2,0.521638952,1
CAPN5,0.12348515,1
CAPNS1,0.737689833,1
CAPRIN1,0.467315234,1
CAPZA1,0.918471298,1
CAPZA2,0.455016772,1
CAPZB,0.125852045,1
CARD19,0.385138976,1
CARHSP1,0.375810375,1
CARM1,0.297143553,1
CASC3,0.254693308,1
CASC4,0.071952583,1
CAST,0.52066356,1
CAVIN3,0.058806085,1
CBLC,0.558697503,1
CBX3,0.897826194,1
CBX5,0.332705643,1
CBX7,0.296392561,1
CCDC107,0.523140312,1
CCDC12,0.298352877,1
CCDC124,0.363320233,1
CCDC167,0.814356681,1
CCDC50,0.144702549,1
CCDC57,0.675152263,1
CCDC80,0.017320132,1
CCND1,0.271621445,1
CCND3,0.542978271,1
CCNI,0.024201051,1
CCNL1,0.663963854,1
CCNL2,0.380568459,1
CCS,0.450604215,1
CCT3,0.35798693,1
CCT4,0.436896879,1
CCT5,0.040241057,1
CCT7,0.654477731,1
CCT8,0.488866439,1
CCZ1,0.638631565,1
CD14,0.259051775,1
CD151,0.363460745,1
CD248,0.04308228,1
CD276,0.351732608,1
CD2AP,0.322762904,1
CD2BP2,0.618631796,1
CD320,0.130139587,1
CD44,0.458574517,1
CD46,0.84081038,1
CD47,0.164351992,1
CD59,0.196893672,1
CD63,0.391708261,1
CD68,0.09564754,1
CD82,0.333911752,1
CD9,0.308437963,1
CD99,0.70639007,1
CDC25B,0.203292335,1
CDC34,0.072467453,1
CDC37,0.462166836,1
CDC42,0.409578257,1
CDC42BPB,0.148720284,1
CDC42EP1,0.332233266,1
CDC42EP4,0.112605052,1
CDC42EP5,0.124252919,1
CDCP1,0.548273089,1
CDH1,0.507041987,1
CDIPT,0.551768203,1
CDK10,0.049689664,1
CDK11B,0.602106673,1
CDK16,0.698560066,1
CDK2AP2,0.142015973,1
CDKN1A,0.241197323,1
CDKN1C,0.690286221,1
CDV3,0.284724865,1
CEACAM1,0.068958447,1
CEBPB,0.129811836,1
CEMIP,0.06716996,1
CENPB,0.818553771,1
CENPM,0.507863686,1
CENPX,0.503658262,1
CERCAM,0.012089145,1
CFL1,0.099177483,1
CFLAR,0.316132836,1
CGGBP1,0.425763594,1
CHCHD10,0.233633009,1
CHCHD2,0.710873908,1
CHCHD5,0.619450793,1
CHD4,0.632499247,1
CHD8,0.366298159,1
CHID1,0.675934754,1
CHMP1A,0.014921588,1
CHMP1B,0.083248788,1
CHMP2A,0.256839179,1
CHMP3,0.564435959,1
CHMP4B,0.77634871,1
CHMP7,0.433094355,1
CHP1,0.449994414,1
CHPF,0.151619956,1
CHPF2,0.470409728,1
CHTF8,0.60958707,1
CIB1,0.153914044,1
CIC,0.587472202,1
CINP,0.956347614,1
CIRBP,0.013843555,1
CISD3,0.749212623,1
CIZ1,0.282119029,1
CKAP4,0.527185345,1
CKB,0.291391157,1
CKS1B,0.624682196,1
CLCN7,0.725848536,1
CLDN1,0.165852015,1
CLDN3,0.035022905,1
CLDN7,0.300334442,1
CLEC11A,0.287539329,1
CLIC1,0.028800945,1
CLIC3,0.020986669,1
CLINT1,0.320726917,1
CLIP2,0.226526671,1
CLK1,0.088136635,1
CLK2,0.050876663,1
CLK3,0.418643221,1
CLMN,0.940330191,1
CLPP,0.660242185,1
CLPTM1,0.444551168,1
CLPTM1L,0.143740817,1
CLSTN1,0.392854201,1
CLTA,0.159001678,1
CLTB,0.449665284,1
CLTC,0.284155086,1
CLU,0.633846709,1
CLUH,0.923399818,1
CMIP,0.414817223,1
CMTM6,0.192214262,1
CMTM7,0.418739511,1
CNBP,0.485412913,1
CNIH1,0.165392173,1
CNN2,0.057199988,1
CNN3,0.645677786,1
CNOT1,0.946783779,1
CNOT11,0.609633605,1
CNOT3,0.580041341,1
CNPY2,0.064322525,1
CNPY3,0.205947514,1
COA3,0.199219033,1
COA4,0.101426983,1
COASY,0.130442043,1
COL10A1,0.019766361,1
COL12A1,0.018554311,1
COL16A1,0.28959916,1
COL17A1,0.243751552,1
COL4A1,0.056673237,1
COL4A2,0.426172127,1
COL5A2,0.316929957,1
COL5A3,0.558394554,1
COL7A1,0.508657228,1
COLGALT1,0.491241678,1
COLGALT2,0.186234853,1
COMMD4,0.567719907,1
COMT,0.535781411,1
COPA,0.652456803,1
COPE,0.645564299,1
COPG1,0.425303719,1
COPRS,0.713000183,1
COPS6,0.421650541,1
COPS9,0.510153187,1
COPZ1,0.826372963,1
COQ4,0.709874666,1
CORO1B,0.115977652,1
COTL1,0.025084569,1
COX14,0.319575022,1
COX17,0.101917376,1
COX4I1,0.015686556,1
COX5B,0.342918322,1
COX6A1,0.201299999,1
COX6B1,0.063606932,1
COX6C,0.404821671,1
COX7A1,0.392249687,1
COX7A2,0.590942543,1
COX7B,0.952002534,1
COX7C,0.059140434,1
COX8A,0.461800394,1
CPE,0.153813994,1
CPNE1,0.377752541,1
CRB3,0.059841403,1
CREB3,0.14247926,1
CREB3L1,0.135157791,1
CRELD2,0.319111397,1
CRIP2,0.180556493,1
CRISPLD2,0.617158375,1
CRLS1,0.794238394,1
CRTAP,0.450941645,1
CSDE1,0.234774776,1
CSK,0.734773161,1
CSNK1D,0.365298491,1
CSNK1E,0.828819332,1
CSNK2A1,0.456512971,1
CSNK2B,0.215162891,1
CSRNP1,0.257529604,1
CSRP1,0.118557245,1
CSTB,0.517071021,1
CTBP1,0.490948262,1
CTDNEP1,0.277886351,1
CTDSP1,0.550247785,1
CTDSP2,0.595122357,1
CTDSPL,0.603118131,1
CTHRC1,0.457435914,1
CTNNA1,0.102080712,1
CTNNB1,0.039760654,1
CTNNBL1,0.55098825,1
CTNND1,0.052785316,1
CTSA,0.383012317,1
CTSB,0.351890672,1
CTSC,0.038920419,1
CTSE,0.234477661,1
CTSH,0.197463431,1
CTSZ,0.659349571,1
CUEDC2,0.395975458,1
CUL3,0.308045867,1
CUTA,0.335591988,1
CUX1,0.613541903,1
CXADR,0.036590638,1
CXCL16,0.579618004,1
CXCL8,0.02904985,1
CXXC5,0.374462353,1
CYB561,0.639346911,1
CYB561A3,0.503328182,1
CYB5R1,0.403270263,1
CYB5R2,0.659790259,1
CYB5R3,0.541742458,1
CYC1,0.19846293,1
CYGB,0.306442923,1
CYHR1,0.66167329,1
CYP2S1,0.4952145,1
CYTH2,0.20610899,1
D2HGDH,0.475269064,1
DAB2IP,0.176421267,1
DAD1,0.625831921,1
DAG1,0.545249629,1
DAP,0.441805624,1
DAP3,0.565902784,1
DAPK3,0.072975,1
DAZAP1,0.144146262,1
DAZAP2,0.208332277,1
DBI,0.080406003,1
DBN1,0.604038047,1
DBNL,0.772167062,1
DCAF8,0.051726441,1
DCHS1,0.526335511,1
DCN,0.366586665,1
DCTN1,0.201054107,1
DCTN2,0.464501992,1
DCTN5,0.177116809,1
DCXR,0.439292645,1
DDA1,0.239845597,1
DDAH2,0.482663141,1
DDB1,0.537781792,1
DDIT4,0.149023174,1
DDOST,0.900941422,1
DDR1,0.410572622,1
DDRGK1,0.466722221,1
DDT,0.608147308,1
DDX17,0.18940159,1
DDX23,0.307501685,1
DDX24,0.046915308,1
DDX27,0.012858782,1
DDX39A,0.54502959,1
DDX3X,0.04707644,1
DDX41,0.817496291,1
DDX42,0.377793187,1
DDX49,0.399063505,1
DDX54,0.582324856,1
DDX6,0.207989378,1
DEGS1,0.485368209,1
DEK,0.251197253,1
DENND4B,0.40834198,1
DGAT1,0.440089708,1
DGCR8,0.08121727,1
DGKZ,0.03765054,1
DHCR7,0.043088618,1
DHPS,0.637975105,1
DHRS3,0.023464183,1
DHRS4,0.584842513,1
DHRS4L2,0.659560699,1
DHX15,0.033320601,1
DHX30,0.781599868,1
DHX37,0.684677596,1
DHX8,0.431323029,1
DIAPH1,0.868647182,1
DLG1,0.715354095,1
DLGAP4,0.422736733,1
DMBT1,0.024551594,1
DMKN,0.449610874,1
DMTN,0.609973365,1
DMWD,0.421642707,1
DNAJA1,0.14026018,1
DNAJB11,0.15981666,1
DNAJB2,0.099828051,1
DNAJB6,0.662529545,1
DNAJC11,0.139774833,1
DNAJC15,0.77981507,1
DNAJC4,0.790975449,1
DNAJC5,0.777139296,1
DNAJC7,0.41355227,1
DNASE2,0.696276042,1
DNM2,0.073483414,1
DNPH1,0.695604726,1
DNTTIP1,0.591296928,1
DOCK7,0.564551756,1
DOK4,0.603911797,1
DOT1L,0.579938702,1
DPF2,0.778666854,1
DPM2,0.533572951,1
DPM3,0.441851954,1
DPP9,0.811344975,1
DPYSL2,0.599347558,1
DPYSL3,0.199722162,1
DRAP1,0.235926997,1
DRG1,0.441258567,1
DRG2,0.767150277,1
DSG2,0.039641607,1
DSP,0.619450667,1
DST,0.038400395,1
DSTN,0.513807217,1
DTX2,0.653708893,1
DUOX2,0.92316275,1
DUS1L,0.070354937,1
DUSP1,0.119393331,1
DUSP22,0.19180985,1
DUSP23,0.19987032,1
DUSP3,0.214978223,1
DUSP4,0.645649098,1
DUT,0.022899671,1
DVL2,0.649713126,1
DVL3,0.189500711,1
DYNC1H1,0.58003204,1
DYNC1LI2,0.02871621,1
DYNLL1,0.519334012,1
DYNLL2,0.165379897,1
DYNLRB1,0.576747962,1
DYNLT1,0.426604976,1
ECE1,0.108927214,1
ECH1,0.559726399,1
ECHS1,0.772310019,1
ECI1,0.30894734,1
ECSIT,0.40057996,1
ECT2,0.19204283,1
EDARADD,0.034048498,1
EEF1B2,0.307009504,1
EEF1D,0.39699392,1
EEF2,0.166409616,1
EFHD2,0.687628739,1
EFNA1,0.273905349,1
EFNB1,0.727379482,1
EFTUD2,0.494040217,1
EGLN2,0.37490459,1
EGR1,0.778560912,1
EHBP1L1,0.649732447,1
EHD1,0.561184874,1
EHD2,0.247272641,1
EHD4,0.62717789,1
EI24,0.682993823,1
EIF1,0.026533542,1
EIF2B5,0.765818421,1
EIF2S2,0.856126134,1
EIF3A,0.512159369,1
EIF3B,0.055385685,1
EIF3C,0.283908438,1
EIF3CL,0.536286349,1
EIF3D,0.558298914,1
EIF3E,0.413360066,1
EIF3F,0.135993032,1
EIF3G,0.482220598,1
EIF3H,0.91126261,1
EIF3I,0.503157364,1
EIF3K,0.851027533,1
EIF3M,0.593505804,1
EIF4A2,0.038898694,1
EIF4B,0.088602547,1
EIF4E2,0.440520574,1
EIF4EBP1,0.03696238,1
EIF4EBP2,0.386512574,1
EIF4G1,0.567893865,1
EIF4G2,0.318685554,1
EIF5,0.217056153,1
EIF5A,0.433495898,1
EIF5AL1,0.054814356,1
EIF6,0.074241202,1
ELAVL1,0.712157425,1
ELF3,0.0340801,1
ELK1,0.548319584,1
ELMO3,0.785131509,1
ELOF1,0.479873634,1
EMC10,0.860489486,1
EMC3,0.795380769,1
EMC6,0.230225713,1
EMD,0.357696024,1
EMP1,0.553111454,1
EMP2,0.056136469,1
EMP3,0.080562613,1
ENC1,0.768455344,1
ENG,0.469610177,1
ENO1,0.06209343,1
ENO2,0.180244691,1
ENSA,0.036687288,1
ENTPD6,0.165059533,1
EPCAM,0.674362076,1
EPHA2,0.454328871,1
EPHB4,0.727051099,1
EPHX1,0.814014195,1
EPN1,0.271513114,1
EPS8,0.771373871,1
EPS8L1,0.258009716,1
EPS8L2,0.21147128,1
ERBB2,0.682751362,1
ERBB3,0.020936756,1
ERCC1,0.875121407,1
ERF,0.367354505,1
ERGIC1,0.268135349,1
ERGIC3,0.190275035,1
ERH,0.72897927,1
ERN2,0.080616127,1
ERO1A,0.492269459,1
ERP29,0.347902506,1
ERRFI1,0.042632911,1
ESYT2,0.413098425,1
ETF1,0.160929454,1
ETFB,0.02777166,1
ETHE1,0.442882089,1
ETS1,0.572832707,1
ETS2,0.074956425,1
EVL,0.03999323,1
EWSR1,0.506972923,1
EXOC3,0.129627228,1
EXOC4,0.265262638,1
EXOC7,0.377007125,1
EXT2,0.638118275,1
F11R,0.389214179,1
F3,0.423472256,1
FAAP100,0.520227465,1
FAAP20,0.412846192,1
FADS2,0.103195656,1
FAH,0.757502654,1
FAM102A,0.066314508,1
FAM109B,0.013889876,1
FAM114A1,0.057466949,1
FAM120A,0.75250624,1
FAM129B,0.049482595,1
FAM160B2,0.785540865,1
FAM162A,0.310390291,1
FAM173A,0.364603753,1
FAM177A1,0.078694529,1
FAM193B,0.161841175,1
FAM20C,0.293266631,1
FAM213A,0.314966535,1
FAM213B,0.446990448,1
FAM214B,0.324851315,1
FAM234A,0.579415786,1
FAM32A,0.569804197,1
FAM3C,0.075933225,1
FAM50A,0.39335896,1
FAM83H,0.426281835,1
FAM89B,0.790957995,1
FAM96B,0.60776828,1
FARSA,0.465369765,1
FASN,0.492364748,1
FASTK,0.146050735,1
FBL,0.826576924,1
FBLIM1,0.275980013,1
FBN1,0.574170485,1
FBRS,0.283789332,1
FBRSL1,0.450359521,1
FBXO18,0.071970726,1
FBXO7,0.368110422,1
FBXW4,0.434350405,1
FBXW5,0.019584302,1
FCGRT,0.253689766,1
FDFT1,0.088204739,1
FDPS,0.260343003,1
FEM1A,0.421673933,1
FGFR3,0.185068593,1
FGFR4,0.070107961,1
FHL2,0.028221558,1
FIBCD1,0.858204092,1
FIBP,0.531410566,1
FIS1,0.516542249,1
FKBP1A,0.462361998,1
FKBP2,0.762421216,1
FKBP4,0.446569211,1
FKBP8,0.101169625,1
FLII,0.234362897,1
FLNB,0.199728918,1
FLOT1,0.769718945,1
FLOT2,0.223118635,1
FMOD,0.046555844,1
FNDC3B,0.517618988,1
FOS,0.352985789,1
FOSL1,0.374932822,1
FOSL2,0.704536935,1
FOXK1,0.963217082,1
FOXK2,0.468290527,1
FOXO1,0.591634801,1
FOXP1,0.804168993,1
FOXP4,0.41043652,1
FOXQ1,0.543942492,1
FPGS,0.689704411,1
FRMD8,0.410730074,1
FSCN1,0.549267038,1
FSTL1,0.295532728,1
FSTL3,0.564822049,1
FUCA2,0.335787658,1
FURIN,0.243112638,1
FUS,0.465720164,1
FUT2,0.083050907,1
FUT3,0.879146017,1
FXR1,0.744226697,1
FXYD3,0.114058045,1
FXYD5,0.295414708,1
FYTTD1,0.951238159,1
FZR1,0.316560879,1
G3BP1,0.152908275,1
G6PC3,0.417505794,1
GAA,0.57643945,1
GADD45GIP1,0.609385175,1
GAK,0.802271868,1
GALE,0.161890154,1
GALNS,0.934635358,1
GANAB,0.563126966,1
GAS6,0.065090023,1
GATAD2A,0.584595141,1
GBA,0.370058765,1
GCHFR,0.776975932,1
GCN1,0.032127592,1
GDF15,0.066587305,1
GDI1,0.08416818,1
GDI2,0.708821972,1
GFPT1,0.334628264,1
GGA1,0.26173061,1
GGT1,0.099416356,1
GGT5,0.041424664,1
GHDC,0.942935752,1
GID8,0.572603101,1
GIPC1,0.890025835,1
GIT1,0.182164938,1
GJA1,0.136617945,1
GJB2,0.162888402,1
GJB3,0.741604841,1
GLB1,0.223602518,1
GLG1,0.433306415,1
GLMP,0.437405999,1
GLO1,0.9639007,1
GLT8D1,0.502436633,1
GLUL,0.048366049,1
GMDS,0.086506416,1
GMFB,0.322507389,1
GMPPA,0.351803274,1
GNA11,0.078131504,1
GNAI2,0.197604372,1
GNAQ,0.700428462,1
GNAS,0.01514483,1
GNB1,0.709446975,1
GNB2,0.469043062,1
GNL1,0.406215876,1
GNS,0.804368634,1
GOLGA2,0.139310215,1
GOLGA3,0.355281194,1
GOLGA8A,0.086934289,1
GOLM1,0.053526127,1
GORASP2,0.648484452,1
GPAA1,0.920608842,1
GPAT4,0.34902593,1
GPC1,0.014593574,1
GPI,0.025579877,1
GPM6A,0.598456894,1
GPM6B,0.686804905,1
GPR108,0.228273183,1
GPRC5C,0.447675398,1
GPS1,0.045712655,1
GPX1,0.742743096,1
GRAMD1A,0.264612598,1
GRB7,0.677528134,1
GREM1,0.153019117,1
GRHPR,0.444046082,1
GRINA,0.645114543,1
GRK2,0.508685161,1
GRK6,0.580199942,1
GRN,0.838371465,1
GSDMD,0.838856674,1
GSK3A,0.066162283,1
GSN,0.015804629,1
GSS,0.541571987,1
GSTK1,0.272514098,1
GSTM1,0.708494521,1
GSTM2,0.841323733,1
GSTM3,0.713031133,1
GSTO1,0.186970935,1
GTF2F1,0.475670366,1
GTF2I,0.73762707,1
GTPBP1,0.150904106,1
GTPBP6,0.582589631,1
GUK1,0.197098663,1
GYPC,0.496340974,1
GYS1,0.631607121,1
H1F0,0.351275825,1
H1FX,0.141798343,1
H2AFJ,0.055358735,1
H2AFV,0.122388007,1
H2AFY,0.313158488,1
H2AFZ,0.466354124,1
H3F3A,0.083078845,1
H3F3B,0.125322929,1
H3F3C,0.117916537,1
HADHA,0.127112944,1
HAGHL,0.501542768,1
HARS,0.777295842,1
HAX1,0.246459505,1
HBEGF,0.191400789,1
HCFC1R1,0.0136928,1
HDAC1,0.372900413,1
HDAC10,0.34016759,1
HDAC5,0.851462378,1
HDGF,0.192144721,1
HDGFL2,0.038197498,1
HDLBP,0.162692525,1
HELZ2,0.558304433,1
HERPUD1,0.114011381,1
HES4,0.799778813,1
HEXA,0.032361954,1
HGS,0.052919555,1
HID1,0.791842557,1
HIGD2A,0.672417811,1
HINT1,0.274897927,1
HIPK3,0.936074531,1
HIST1H1C,0.19156114,1
HIST2H2AA3,0.154511653,1
HIST2H2AA4,0.269005151,1
HLA-A,0.396502987,1
HLA-C,0.033143396,1
HLA-DMA,0.247393767,1
HLA-DRA,0.013112909,1
HLA-F,0.570756614,1
HM13,0.280912634,1
HMCES,0.613390722,1
HMG20B,0.112981229,1
HMGA1,0.01506507,1
HMGB1,0.178208414,1
HMGCS1,0.079842735,1
HMGN1,0.610599281,1
HMOX1,0.18735412,1
HNMT,0.455533046,1
HNRNPA0,0.051161756,1
HNRNPA1,0.020329395,1
HNRNPA2B1,0.076987803,1
HNRNPA3,0.919867673,1
HNRNPAB,0.199103607,1
HNRNPC,0.30129254,1
HNRNPD,0.96048617,1
HNRNPDL,0.918488153,1
HNRNPF,0.576143077,1
HNRNPH3,0.671589988,1
HNRNPK,0.236208068,1
HNRNPM,0.218748242,1
HNRNPR,0.278437001,1
HNRNPU,0.793391607,1
HNRNPUL1,0.400053853,1
HNRNPUL2,0.723006755,1
HOOK2,0.337846847,1
HOOK3,0.577471397,1
HOXB7,0.576992861,1
HP1BP3,0.021903685,1
HPCAL1,0.602983705,1
HRAS,0.133333522,1
HS3ST1,0.4245506,1
HSBP1,0.216427423,1
HSP90AA1,0.593490961,1
HSP90AB1,0.407229846,1
HSP90B1,0.246534933,1
HSPA4,0.302245012,1
HSPA5,0.01201159,1
HSPA6,0.346677358,1
HSPA8,0.181416737,1
HSPA9,0.289733961,1
HSPB1,0.074695027,1
HSPBP1,0.705432481,1
HSPD1,0.378608911,1
HSPE1,0.15225473,1
HSPG2,0.039957587,1
HSPH1,0.379253283,1
HTRA3,0.047226622,1
HYAL2,0.424772694,1
HYOU1,0.64080615,1
ID3,0.53043981,1
IDH2,0.203445782,1
IDH3G,0.041135393,1
IDS,0.706967547,1
IER2,0.248757697,1
IER5L,0.134928208,1
IFI27L2,0.05400923,1
IFI35,0.133181424,1
IFITM3,0.031661174,1
IFNAR1,0.739265679,1
IFNGR2,0.209976234,1
IFRD2,0.038519159,1
IFT122,0.711852725,1
IGF1R,0.187221771,1
IGFBP2,0.267078217,1
IGFBP3,0.030512981,1
IGFBP4,0.101762298,1
IGFBP7,0.287149585,1
IGSF8,0.863240872,1
IL18,0.56190373,1
IL20RA,0.264743144,1
IL32,0.400539063,1
IL4R,0.478604053,1
ILF3,0.11600925,1
ILK,0.338388388,1
ILVBL,0.485306212,1
IMP4,0.794533075,1
IMPDH2,0.517866039,1
INAFM1,0.582650697,1
INAVA,0.054775348,1
INF2,0.030978966,1
INHBA,0.025766878,1
INO80E,0.619469685,1
INPP5A,0.567474792,1
INPPL1,0.810267967,1
INTS1,0.250593124,1
INTS11,0.40286706,1
IP6K1,0.374461154,1
IP6K2,0.016844179,1
IQGAP1,0.254041559,1
IRAK1,0.195243297,1
IRF2BP2,0.3291292,1
IRF2BPL,0.631703468,1
IRF3,0.662412148,1
IRF6,0.01370799,1
IRGQ,0.551130605,1
ISG15,0.07115504,1
ISG20,0.366015458,1
ISLR,0.612885089,1
ISOC2,0.209961835,1
ITGA1,0.439732534,1
ITGA2,0.25225557,1
ITGA3,0.257840999,1
ITGA5,0.038614566,1
ITGA6,0.490017449,1
ITGAV,0.804418907,1
ITGB1,0.055587691,1
ITGB1BP1,0.220364852,1
ITM2B,0.035082997,1
ITM2C,0.940640404,1
ITPA,0.956000706,1
ITPK1,0.028125006,1
ITPKC,0.010934068,1
ITPR3,0.802571854,1
ITPRIPL2,0.55934243,1
IVD,0.295246316,1
IVNS1ABP,0.459248234,1
JAK3,0.185808314,1
JMJD1C,0.636244772,1
JMJD8,0.928771455,1
JOSD1,0.744771298,1
JOSD2,0.724287266,1
JPT1,0.773450491,1
JPT2,0.706569826,1
JTB,0.144973672,1
JUN,0.408351573,1
JUNB,0.070940648,1
JUP,0.214047559,1
KARS,0.612613979,1
KAT2A,0.252120241,1
KAT6A,0.403766497,1
KCNJ3,0.982162447,1
KCNK1,0.260821772,1
KCNN4,0.510051034,1
KCTD10,0.617555447,1
KDELR1,0.300231815,1
KDELR2,0.499090867,1
KDM2A,0.403602426,1
KDM3A,0.458419718,1
KDM6B,0.37821947,1
KEAP1,0.295112901,1
KHDRBS1,0.381768807,1
KHSRP,0.497130601,1
KIAA0100,0.597563713,1
KIAA0930,0.40129845,1
KIAA1191,0.784028881,1
KIAA1456,0.25343155,1
KIAA1522,0.542082944,1
KIAA2013,0.32682234,1
KIF1C,0.426997943,1
KIF3B,0.436489455,1
KIF5B,0.310198705,1
KIFC3,0.757570938,1
KLC1,0.442842837,1
KLC4,0.582990895,1
KLF13,0.179029421,1
KLF16,0.313635841,1
KLF2,0.776748247,1
KLF6,0.203918372,1
KLHDC3,0.21363709,1
KLHL24,0.113523995,1
KLK10,0.065597791,1
KLK11,0.213203248,1
KLK7,0.159605151,1
KMT2B,0.259768893,1
KPNA2,0.461632516,1
KPNB1,0.852094401,1
KRAS,0.838411308,1
KRT7,0.154329585,1
KRT8,0.132259129,1
KRTCAP3,0.366638733,1
KTN1,0.53035556,1
KXD1,0.378360674,1
LAD1,0.150911393,1
LAMA4,0.440048993,1
LAMA5,0.84905403,1
LAMB1,0.920234713,1
LAMB2,0.408637828,1
LAMB3,0.032598289,1
LAMC1,0.3431107,1
LAMP1,0.048874918,1
LAMTOR2,0.465649529,1
LAMTOR4,0.483725873,1
LAPTM4A,0.905156175,1
LAPTM4B,0.194165876,1
LAPTM5,0.064380865,1
LARP1,0.514156739,1
LARS,0.582846959,1
LASP1,0.648104074,1
LBH,0.165632886,1
LCN2,0.132702168,1
LDHA,0.359542561,1
LEMD2,0.869125723,1
LENG8,0.338159415,1
LEPROTL1,0.483657011,1
LFNG,0.196900778,1
LGALS1,0.024191807,1
LGALS3,0.0195421,1
LGALS4,0.326466944,1
LGALS9,0.428923542,1
LGALS9B,0.248186877,1
LGALS9C,0.230786959,1
LGMN,0.806690173,1
LIF,0.202528547,1
LIMK2,0.463689202,1
LIMS1,0.305086091,1
LIMS2,0.017602317,1
LINC00116,0.689299035,1
LIPH,0.125779602,1
LITAF,0.185689843,1
LLGL2,0.14407535,1
LMAN1,0.797946412,1
LMAN2,0.903339049,1
LMCD1,0.582834134,1
LMF2,0.570998907,1
LMNA,0.537234055,1
LMO4,0.012493065,1
LMO7,0.276026794,1
LONP1,0.668101696,1
LOX,0.542323317,1
LOXL2,0.021847001,1
LPCAT1,0.686687013,1
LPCAT3,0.629220943,1
LPCAT4,0.204517708,1
LRG1,0.234163997,1
LRP1,0.148425288,1
LRP10,0.778397221,1
LRPAP1,0.198732028,1
LRRC32,0.023068046,1
LRRC41,0.418905705,1
LRRC59,0.37030722,1
LRRC75A,0.263227267,1
LRRC8A,0.50754902,1
LRRFIP1,0.479949632,1
LSM1,0.160753485,1
LSM4,0.28763956,1
LSM7,0.180295242,1
LSP1,0.489557906,1
LSR,0.890839681,1
LTBP3,0.57709774,1
LTBP4,0.232955607,1
LTBR,0.460354301,1
LUC7L3,0.011563694,1
LUM,0.03081367,1
LY6E,0.303076894,1
LYPLA2,0.051046064,1
LYZ,0.252847206,1
MACF1,0.36262334,1
MAF,0.06430463,1
MAF1,0.539576124,1
MAFF,0.872151054,1
MAFK,0.293319988,1
MAGED1,0.189445839,1
MAGED2,0.465627017,1
MAL2,0.028793252,1
MAN1B1,0.061020164,1
MAN1C1,0.852765612,1
MAN2C1,0.078950492,1
MANBAL,0.644888856,1
MANF,0.352201363,1
MAP1LC3A,0.872582308,1
MAP1S,0.641128097,1
MAP2K2,0.83897931,1
MAP2K3,0.10304976,1
MAP2K7,0.397890489,1
MAP3K11,0.603770241,1
MAP3K12,0.493498229,1
MAP3K13,0.017322231,1
MAP3K20,0.381283394,1
MAP4,0.485327064,1
MAP4K4,0.123025816,1
MAP7D1,0.122130365,1
MAPK3,0.397141707,1
MAPK8IP3,0.039997731,1
MAPKAPK2,0.461118044,1
6-Mar,0.26472384,1
MARCKS,0.648151211,1
MARCKSL1,0.012144873,1
MARK2,0.133176294,1
MARVELD1,0.179555709,1
MAST4,0.906332317,1
MATR3,0.344534634,1
MAVS,0.310906665,1
MAX,0.519191321,1
MAZ,0.352940134,1
MBD3,0.661282432,1
MBNL1,0.429268346,1
MBOAT7,0.108766082,1
MCL1,0.020241179,1
MCM5,0.378798925,1
MCM7,0.972921868,1
MCOLN1,0.761694249,1
MCRIP1,0.798455243,1
MCRIP2,0.515510027,1
MDFI,0.559658288,1
MDH2,0.750935259,1
MEA1,0.126117642,1
MED15,0.548631726,1
MED16,0.071275812,1
MEGF6,0.186602172,1
MEIS3,0.428764457,1
MELTF,0.540744965,1
MET,0.634402125,1
METRN,0.069916953,1
METRNL,0.536060643,1
METTL26,0.272403058,1
METTL2A,0.881898743,1
METTL5,0.301390482,1
MFAP1,0.90099367,1
MFAP2,0.033177996,1
MFAP4,0.032220826,1
MFSD10,0.784260934,1
MFSD12,0.18541277,1
MFSD2B,0.088563321,1
MGAT1,0.441602961,1
MGAT4B,0.759715393,1
MGAT5,0.783568575,1
MGLL,0.237166857,1
MGMT,0.362831048,1
MGRN1,0.513710426,1
MGST3,0.508194427,1
MIA3,0.921536303,1
MIB2,0.572026571,1
MICAL2,0.254140056,1
MICALL2,0.652873347,1
MIDN,0.372312963,1
MIEN1,0.520356959,1
MIER2,0.235779587,1
MIF,0.751693555,1
MINK1,0.189458783,1
MINOS1,0.605492018,1
MISP,0.033282863,1
MKL1,0.368774406,1
MKNK2,0.906129923,1
MLEC,0.416465444,1
MLF2,0.241195209,1
MLLT6,0.305512993,1
MLPH,0.374197527,1
MLST8,0.247978468,1
MMADHC,0.11591164,1
MMP12,0.381648483,1
MMP14,0.036497991,1
MMP2,0.118943043,1
MMP24-AS1,0.578112678,1
MMP7,0.37258127,1
MMP9,0.011593878,1
MMS19,0.265397795,1
MOB1A,0.882309691,1
MOB2,0.561433188,1
MOB3A,0.574450547,1
MORF4L1,0.024307016,1
MORF4L2,0.224302942,1
MPDU1,0.236195955,1
MPG,0.521584011,1
MPND,0.65421432,1
MPRIP,0.547602922,1
MPST,0.515966362,1
MPZL1,0.369763717,1
MPZL2,0.357008577,1
MRC2,0.082313417,1
MRFAP1,0.647170297,1
MRGBP,0.033688808,1
MROH6,0.052502565,1
MRPL12,0.229176092,1
MRPL14,0.588235263,1
MRPL17,0.510749747,1
MRPL20,0.465606598,1
MRPL23,0.299763822,1
MRPL24,0.580434416,1
MRPL27,0.824386812,1
MRPL28,0.014652892,1
MRPL37,0.631571318,1
MRPL4,0.528886683,1
MRPL41,0.179233783,1
MRPL51,0.735299981,1
MRPL52,0.255105103,1
MRPL54,0.536987636,1
MRPL55,0.549707357,1
MRPL57,0.549623232,1
MRPS12,0.233091396,1
MRPS18A,0.447482593,1
MRPS2,0.412342225,1
MRPS21,0.36512772,1
MRPS34,0.733935168,1
MRPS5,0.145474219,1
MRPS7,0.049633977,1
MSLN,0.094586543,1
MSN,0.776622273,1
MST1R,0.230362105,1
MT2A,0.320073241,1
MTA1,0.348809176,1
MTCH1,0.353051644,1
MTDH,0.129722938,1
MTHFD1L,0.25213137,1
MTMR11,0.690061423,1
MTX1,0.675681349,1
MUC13,0.446017854,1
MUC16,0.135779847,1
MUC5AC,0.254726926,1
MVB12A,0.048619924,1
MVP,0.147441594,1
MXD4,0.270152254,1
MXRA5,0.434302289,1
MXRA7,0.17814593,1
MXRA8,0.435565749,1
MYADM,0.160464677,1
MYDGF,0.172072581,1
MYH14,0.69785536,1
MYH9,0.134577804,1
MYL12A,0.781379152,1
MYO10,0.647098198,1
MYO1C,0.844545553,1
MYO9B,0.796974506,1
MZT2A,0.317060178,1
MZT2B,0.671273808,1
NAA10,0.149480087,1
NAA38,0.933842582,1
NAA50,0.035107192,1
NAA60,0.731909968,1
NACA,0.058073008,1
NACA2,0.217112966,1
NADSYN1,0.617833089,1
NAGA,0.343971576,1
NAGK,0.488888879,1
NAGLU,0.226141436,1
NANS,0.617498674,1
NAP1L1,0.085297001,1
NAP1L4,0.804045048,1
NAPRT,0.055233231,1
NARF,0.0760109,1
NAXE,0.764518622,1
NBEAL2,0.219329766,1
NBL1,0.059844513,1
NBR1,0.302855955,1
NCAPH2,0.119502877,1
NCBP2,0.013511117,1
NCKAP1,0.220650948,1
NCL,0.256288905,1
NCLN,0.583655522,1
NCOR2,0.300378129,1
NCSTN,0.038122589,1
NDFIP1,0.608193813,1
NDUFA1,0.747265198,1
NDUFA10,0.027276375,1
NDUFA11,0.377098312,1
NDUFA13,0.019406712,1
NDUFA2,0.186785608,1
NDUFA3,0.140672559,1
NDUFA4,0.41277037,1
NDUFA6,0.750699416,1
NDUFA8,0.437661467,1
NDUFAB1,0.706077691,1
NDUFAF3,0.532325442,1
NDUFAF8,0.135562707,1
NDUFB1,0.022894862,1
NDUFB10,0.905540454,1
NDUFB11,0.161130216,1
NDUFB2,0.013139505,1
NDUFB4,0.078054494,1
NDUFB7,0.786675223,1
NDUFB8,0.020624552,1
NDUFB9,0.606643063,1
NDUFC2,0.226066746,1
NDUFS5,0.117636524,1
NDUFS6,0.500946745,1
NDUFS7,0.715782609,1
NDUFS8,0.148173829,1
NDUFV1,0.711606908,1
NECAP2,0.660030418,1
NECTIN2,0.063569067,1
NECTIN4,0.427279506,1
NEDD8,0.209209747,1
NEGR1,0.257764006,1
NEK6,0.554336815,1
NELFB,0.313633504,1
NELFCD,0.127725313,1
NELFE,0.433089118,1
NENF,0.164437292,1
NET1,0.205248748,1
NFATC4,0.585155718,1
NFE2L1,0.624055857,1
NFIC,0.328781924,1
NFIX,0.886604647,1
NFKB2,0.484602777,1
NFKBIL1,0.251650917,1
NHP2,0.61829456,1
NHSL2,0.210956331,1
NID1,0.479956486,1
NISCH,0.670409198,1
NKIRAS2,0.794769917,1
NME1,0.642880679,1
NME3,0.69241496,1
NMT1,0.218838912,1
NNMT,0.012014505,1
NONO,0.374029784,1
NOP53,0.213150924,1
NOP56,0.050990404,1
NOSIP,0.911141881,1
NOTCH2,0.087949903,1
NOTCH3,0.471334896,1
NPC1,0.312561941,1
NPC2,0.623271086,1
NPDC1,0.554788567,1
NPEPPS,0.348849944,1
NPIPA1,0.15292133,1
NPIPA2,0.499491214,1
NPIPA3,0.227809181,1
NPIPA5,0.56684961,1
NPIPA7,0.357579379,1
NPIPA8,0.29085468,1
NPIPB11,0.512701607,1
NPIPB12,0.370385778,1
NPIPB13,0.254512934,1
NPIPB2,0.346969124,1
NPIPB3,0.420798417,1
NPIPB4,0.50823993,1
NPIPB5,0.126270532,1
NPLOC4,0.182630668,1
NPM1,0.072867868,1
NPTN,0.329377083,1
NQO1,0.263121776,1
NR1H2,0.543945732,1
NR2F6,0.853462582,1
NRBP1,0.211727594,1
NRIP1,0.078430544,1
NSD3,0.55758037,1
NSFL1C,0.586846876,1
NSMCE1,0.506707455,1
NSMF,0.813385704,1
NSUN5,0.07553013,1
NT5C,0.565776529,1
NT5C3B,0.824600054,1
NT5DC2,0.693637473,1
NTM,0.227174289,1
NTMT1,0.468108197,1
NTPCR,0.489116597,1
NUB1,0.337150767,1
NUBP2,0.448868671,1
NUCB1,0.782096687,1
NUCKS1,0.413263317,1
NUDC,0.797147559,1
NUDCD3,0.018598533,1
NUDT16,0.574393242,1
NUDT22,0.166884612,1
NUDT4,0.418510022,1
NUMA1,0.361939154,1
NUPR1,0.180448571,1
NUTF2,0.483039742,1
NXN,0.842044675,1
OAZ1,0.406328421,1
OAZ2,0.711625276,1
OCIAD2,0.035030574,1
ODF3B,0.813369325,1
OGDH,0.141788991,1
OGFR,0.401625034,1
OLFML3,0.040463088,1
ONECUT3,0.400980298,1
OPTN,0.431985918,1
ORMDL2,0.375894134,1
OS9,0.748436529,1
OSBPL5,0.275290136,1
OST4,0.39739026,1
OSTC,0.869031,1
OTUB1,0.899101866,1
OTUD5,0.292406809,1
OXA1L,0.743096347,1
P3H3,0.103525675,1
P3H4,0.273475629,1
P4HA2,0.557438236,1
P4HB,0.487913264,1
PA2G4,0.515896541,1
PABPC1,0.398921267,1
PABPC4,0.653538137,1
PABPN1,0.257569158,1
PACS1,0.778579411,1
PACS2,0.676074674,1
PACSIN2,0.076984173,1
PADI1,0.657394496,1
PAFAH1B2,0.463417067,1
PAK2,0.782642406,1
PAK4,0.612699093,1
PALLD,0.612939421,1
PAM,0.356989479,1
PAPOLA,0.400485908,1
PAQR8,0.570819287,1
PARK7,0.292950859,1
PARL,0.946390517,1
PARP10,0.046950709,1
PARP12,0.185691912,1
PARVA,0.281827385,1
PAXX,0.551867437,1
PBXIP1,0.686410918,1
PCBD1,0.313598012,1
PCBP2,0.263342631,1
PCDH1,0.717572354,1
PCED1A,0.111016583,1
PCGF2,0.588765788,1
PCLAF,0.183392572,1
PCNA,0.448385663,1
PCNX2,0.793868704,1
PCOLCE,0.480037131,1
PCSK7,0.039171292,1
PCYT2,0.185708057,1
PDAP1,0.35788562,1
PDCD10,0.334042905,1
PDE4A,0.183233152,1
PDE4C,0.264218213,1
PDGFRA,0.058290104,1
PDGFRB,0.283154917,1
PDIA3,0.763112709,1
PDIA4,0.414138288,1
PDIA6,0.564557604,1
PDLIM1,0.668780791,1
PDLIM2,0.011946245,1
PDLIM4,0.463294101,1
PDLIM5,0.501606642,1
PDLIM7,0.318069354,1
PDPN,0.130719297,1
PDXK,0.858975421,1
PEA15,0.22879196,1
PEBP1,0.2880938,1
PEF1,0.715031089,1
PELI1,0.460110516,1
PEMT,0.925181128,1
PER1,0.487075686,1
PERP,0.271707307,1
PES1,0.287683064,1
PET100,0.861901552,1
PEX26,0.328684119,1
PFDN1,0.764409234,1
PFDN2,0.262754235,1
PFDN5,0.064539666,1
PFDN6,0.893711855,1
PFKFB3,0.126732019,1
PFKL,0.019123955,1
PFKP,0.401082514,1
PGAM1,0.153201226,1
PGD,0.772600835,1
PGGHG,0.425343961,1
PGK1,0.378447962,1
PGLS,0.331456748,1
PGP,0.164608996,1
PGRMC2,0.662328424,1
PHB,0.527645051,1
PHB2,0.329081657,1
PHC2,0.394128933,1
PHF1,0.336352181,1
PHLDA1,0.123476203,1
PHLDA2,0.20297903,1
PHLDB1,0.126589478,1
PHPT1,0.632185467,1
PIEZO1,0.087311232,1
PIGT,0.115972693,1
PIGU,0.415503911,1
PIH1D1,0.793973529,1
PIK3IP1,0.321884687,1
PIM1,0.381273838,1
PIM3,0.109385004,1
PIN1,0.549397917,1
PINK1,0.608315551,1
PIP5K1C,0.661421773,1
PITPNM1,0.528537032,1
PITX1,0.165173105,1
PKD1,0.487168591,1
PKIG,0.122839575,1
PKN1,0.688477283,1
PKP3,0.219309358,1
PLA2G16,0.255882678,1
PLAUR,0.134744879,1
PLBD2,0.38669859,1
PLCB3,0.363120707,1
PLCD3,0.271207146,1
PLD3,0.155454101,1
PLEC,0.023502069,1
PLEKHB2,0.432371632,1
PLEKHJ1,0.622432151,1
PLEKHM1,0.265531143,1
PLEKHM2,0.283638672,1
PLEKHO1,0.33492279,1
PLIN3,0.62359279,1
PLK2,0.041447697,1
PLLP,0.119943024,1
PLOD1,0.436275824,1
PLOD2,0.506340368,1
PLOD3,0.302695998,1
PLP2,0.37997518,1
PLPP2,0.289922252,1
PLPP5,0.311382036,1
PLPPR2,0.130975021,1
PLS1,0.02426009,1
PLSCR1,0.070609204,1
PLXNA1,0.612130641,1
PLXNA3,0.413281683,1
PLXNB2,0.574627555,1
PLXND1,0.7733725,1
PMF1,0.602191146,1
PML,0.086366324,1
PMP22,0.37631018,1
PMPCA,0.244361773,1
PMVK,0.100445106,1
PNKD,0.713000841,1
PNKP,0.080382102,1
PNPLA2,0.226422828,1
PNPLA6,0.413532606,1
PODNL1,0.065918105,1
POLD2,0.038590093,1
POLDIP3,0.526195061,1
POLR2A,0.337161516,1
POLR2E,0.438909693,1
POLR2G,0.343841128,1
POLR2H,0.418523817,1
POLR2I,0.56432634,1
POLR2J,0.621751383,1
POLR2L,0.759719671,1
POM121,0.64370639,1
POM121C,0.642837989,1
POMP,0.547705412,1
PON2,0.240776505,1
POR,0.423065519,1
POTEE,0.808468346,1
POTEI,0.561971236,1
PPDPF,0.021897554,1
PPFIBP1,0.202385269,1
PPIA,0.169446551,1
PPIAL4E,0.277499157,1
PPIAL4G,0.190180177,1
PPIB,0.337646249,1
PPIC,0.139092308,1
PPIE,0.542311247,1
PPM1N,0.734147504,1
PPP1CA,0.030579505,1
PPP1CB,0.741734481,1
PPP1CC,0.890926601,1
PPP1R12C,0.74288943,1
PPP1R13L,0.425086557,1
PPP1R14B,0.287611102,1
PPP1R15A,0.015758474,1
PPP1R16A,0.640445263,1
PPP1R18,0.561883872,1
PPP1R2,0.724953927,1
PPP1R26,0.649033528,1
PPP1R7,0.351536828,1
PPP1R9B,0.582555926,1
PPP2CB,0.223045306,1
PPP2R1A,0.505426943,1
PPP2R2A,0.452530979,1
PPP4C,0.923991235,1
PPP4R3A,0.063535815,1
PPP5C,0.371394393,1
PPP6R2,0.595658346,1
PPT1,0.689870344,1
PQBP1,0.424350205,1
PRAF2,0.196591581,1
PRCC,0.694664234,1
PRDX2,0.341107646,1
PRDX3,0.285474566,1
PRDX5,0.122934399,1
PRDX6,0.251312167,1
PRELID3B,0.137082141,1
PRKACA,0.525878583,1
PRKAG1,0.580038894,1
PRKAR1A,0.145437786,1
PRKCSH,0.073810405,1
PRKD2,0.746476717,1
PRKDC,0.53656293,1
PRMT1,0.796975236,1
PRMT2,0.827839672,1
PRMT5,0.381506494,1
PRODH,0.672744461,1
PROM1,0.386123239,1
PROM2,0.19221518,1
PRPF19,0.552342187,1
PRPF31,0.536276275,1
PRPF6,0.120921679,1
PRPF8,0.21034906,1
PRR13,0.219140699,1
PRRC2A,0.028599504,1
PRRC2B,0.349757172,1
PRRC2C,0.018363843,1
PRRX1,0.547295823,1
PRRX2,0.119408375,1
PRSS22,0.478854527,1
PRSS23,0.223876291,1
PRSS8,0.453325576,1
PSAP,0.394852705,1
PSD,0.053824102,1
PSD4,0.492992311,1
PSMA1,0.205765729,1
PSMA4,0.444748236,1
PSMA5,0.318752528,1
PSMB1,0.608649657,1
PSMB2,0.54268525,1
PSMB3,0.36316487,1
PSMB4,0.519984042,1
PSMB5,0.811787856,1
PSMB6,0.190380709,1
PSMB7,0.020540262,1
PSMB8,0.075585395,1
PSMB9,0.290796472,1
PSMC1,0.345333035,1
PSMC3,0.732182928,1
PSMC4,0.698586258,1
PSMC5,0.130374158,1
PSMD1,0.773240606,1
PSMD13,0.166234416,1
PSMD2,0.07768698,1
PSMD3,0.348058302,1
PSMD4,0.445747946,1
PSMD8,0.109485509,1
PSME1,0.277647842,1
PSME2,0.053859655,1
PSMG3,0.656291246,1
PTBP1,0.056144938,1
PTBP3,0.901609582,1
PTGES,0.146272748,1
PTGES2,0.708200162,1
PTGES3,0.028316156,1
PTGS2,0.901197733,1
PTK6,0.248413447,1
PTMA,0.024745732,1
PTOV1,0.784872652,1
PTP4A2,0.392589274,1
PTP4A3,0.433849236,1
PTPA,0.413335126,1
PTPN1,0.706430125,1
PTPN12,0.018168186,1
PTPN18,0.856593781,1
PTPN23,0.823542251,1
PTPRA,0.461955667,1
PTPRH,0.503161439,1
PTPRK,0.915278789,1
PTPRU,0.185964954,1
PUF60,0.595987493,1
PWWP2B,0.575294876,1
PXDN,0.282307095,1
PXN,0.698478765,1
PYCARD,0.073877422,1
PYCR1,0.689284659,1
PYGB,0.444845946,1
QARS,0.356192195,1
QSOX1,0.287683038,1
QTRT1,0.615279705,1
R3HDM4,0.447338605,1
RAB11A,0.415705543,1
RAB11B,0.322449375,1
RAB11FIP1,0.025397673,1
RAB13,0.704169625,1
RAB1B,0.569526611,1
RAB25,0.312813913,1
RAB2A,0.509618492,1
RAB34,0.055257351,1
RAB5B,0.797472872,1
RAB5C,0.883174036,1
RAB6A,0.387426988,1
RAB7A,0.673627527,1
RAB8A,0.776913883,1
RABAC1,0.306098821,1
RABL6,0.901710897,1
RAC1,0.421298218,1
RACK1,0.353367275,1
RAD23A,0.763670907,1
RAD23B,0.216770788,1
RAD9A,0.589137233,1
RAF1,0.99287762,1
RAI1,0.769154989,1
RALBP1,0.314272465,1
RALGDS,0.610107359,1
RALY,0.511468681,1
RAMP1,0.705014044,1
RAN,0.429668888,1
RANBP1,0.426036476,1
RANBP2,0.495656052,1
RANGAP1,0.50763381,1
RARA,0.442319298,1
RARRES3,0.245946741,1
RARS,0.065027715,1
RASSF7,0.027843884,1
RBCK1,0.35135613,1
RBFOX2,0.134520667,1
RBM10,0.692195433,1
RBM3,0.068387649,1
RBM39,0.227360507,1
RBM42,0.174427022,1
RBM5,0.607282403,1
RBM6,0.787967312,1
RBM8A,0.240755421,1
RBMS1,0.521939906,1
RBPMS,0.601731672,1
RBX1,0.356553712,1
RCC2,0.262076097,1
RCN1,0.715501283,1
RCN3,0.353019383,1
RDH11,0.851001892,1
RDH13,0.21333296,1
REEP3,0.042443296,1
REEP5,0.277572566,1
RELA,0.360073086,1
RELB,0.038880061,1
RER1,0.933960669,1
RERE,0.337630985,1
RETREG2,0.154002696,1
RETREG3,0.957890457,1
REXO1,0.613995065,1
RFC2,0.174661668,1
RFNG,0.253052104,1
RFXANK,0.817745809,1
RGL2,0.325036891,1
RGS3,0.181975869,1
RHBDD2,0.424510391,1
RHOA,0.430909082,1
RHOB,0.222570008,1
RHOD,0.023033837,1
RHOF,0.693771379,1
RHOG,0.562398632,1
RHOT2,0.224356459,1
RIC3,0.510966986,1
RIN1,0.236612675,1
RING1,0.054205882,1
RIOK3,0.51178954,1
RIPOR1,0.603439707,1
RNASET2,0.182568626,1
RNF10,0.17726352,1
RNF126,0.434905827,1
RNF141,0.469113755,1
RNF145,0.438606951,1
RNF149,0.556189753,1
RNF167,0.047235829,1
RNF181,0.333271518,1
RNF187,0.118870499,1
RNF213,0.204383007,1
RNF220,0.054246239,1
RNF26,0.053488695,1
RNF40,0.361574991,1
RNF44,0.307394344,1
RNH1,0.702632368,1
RNPEP,0.179379564,1
RNPEPL1,0.248079653,1
ROMO1,0.247387603,1
RPL22L1,0.770152459,1
RPL36AL,0.44546672,1
RPL39L,0.354561909,1
RPL7L1,0.707405194,1
RPN1,0.167307726,1
RPN2,0.182028272,1
RPS19BP1,0.079046172,1
RPS6KA1,0.702312083,1
RPS6KA4,0.029298917,1
RPS6KB2,0.337311477,1
RRAS,0.446103136,1
RRBP1,0.05567271,1
RRP1,0.527449222,1
RRP7A,0.712172835,1
RSL1D1,0.4031836,1
RSRC2,0.810104815,1
RTCB,0.937748899,1
RTFDC1,0.120410937,1
RTN3,0.514691413,1
RTN4,0.521957268,1
RUNX1,0.356667415,1
RUSC1,0.014757026,1
RUVBL1,0.67300515,1
RUVBL2,0.663950345,1
RXRB,0.454634059,1
S100A10,0.502903673,1
S100A11,0.051436302,1
S100A13,0.028920631,1
S100A16,0.020234683,1
S100A9,0.357917206,1
S100P,0.176414364,1
SAFB,0.544660019,1
SAMD1,0.179425051,1
SAMD4B,0.848422167,1
SAMM50,0.663280303,1
SAP30BP,0.018536003,1
SAR1A,0.067121899,1
SARS,0.033129954,1
SART1,0.929799939,1
SAT1,0.043381598,1
SAT2,0.312758506,1
SBF1,0.825877045,1
SBNO2,0.390891681,1
SCAF1,0.242824551,1
SCAMP2,0.262022976,1
SCAMP3,0.723839692,1
SCAMP4,0.653472331,1
SCAND1,0.450708607,1
SCAP,0.20499507,1
SCARB1,0.356918709,1
SCARB2,0.706081747,1
SCD,0.471494899,1
SCNN1A,0.449817969,1
SCRIB,0.548839333,1
SCRN2,0.594671853,1
SCYL1,0.533706273,1
SCYL3,0.579903035,1
SDC1,0.142630867,1
SDC4,0.443564948,1
SDCBP,0.073963821,1
SDCBP2,0.184697026,1
SDF2L1,0.012478526,1
SDF4,0.398049837,1
SDHA,0.564414079,1
SDHAF2,0.667094907,1
SDHC,0.098110804,1
SDR16C5,0.232916069,1
SEC11A,0.033693465,1
SEC13,0.197468194,1
SEC16A,0.573370372,1
SEC24C,0.326667014,1
SEC31A,0.885773758,1
SEC61A1,0.741145375,1
SEC61B,0.415097614,1
SEC61G,0.327441831,1
SEC62,0.440598896,1
SEL1L3,0.150023554,1
SELENOF,0.283222221,1
SELENON,0.208164962,1
SELENOS,0.263591653,1
SELENOW,0.44588879,1
SEM1,0.44110666,1
SEMA3B,0.032121883,1
SEMA4B,0.475346925,1
SENP3,0.246569557,1
SENP7,0.025016533,1
SEPHS2,0.082101712,1
2-Sep,0.428893048,1
9-Sep,0.390038325,1
SERBP1,0.617736975,1
SERF2,0.21399783,1
SERINC2,0.111687448,1
SERINC3,0.624538135,1
SERP1,0.788230146,1
SERPINB1,0.170053272,1
SERPINB5,0.11516066,1
SERPINB6,0.909161226,1
SERPINE1,0.042831812,1
SERPINF1,0.077880381,1
SERPINH1,0.625399759,1
SERTAD1,0.442708199,1
SET,0.570870782,1
SETD5,0.676824019,1
SEZ6L2,0.442854346,1
SF1,0.054706014,1
SF3A2,0.458703772,1
SF3B1,0.601261345,1
SF3B2,0.128642935,1
SF3B5,0.592585113,1
SFN,0.366167572,1
SFPQ,0.346682203,1
SFRP2,0.755743904,1
SFTA2,0.24139717,1
SFXN1,0.809643676,1
SFXN3,0.073579694,1
SGSM3,0.349375808,1
SGTA,0.053850585,1
SH2D3A,0.788301867,1
SH3GL1,0.158234604,1
SH3GLB1,0.873283639,1
SH3PXD2A,0.666604475,1
SHARPIN,0.792280271,1
SHB,0.227317704,1
SHC1,0.365074817,1
SHC2,0.915393282,1
SHISA5,0.35469655,1
SHKBP1,0.248539381,1
SHMT2,0.509999773,1
SIAH2,0.698073451,1
SIGIRR,0.440367057,1
SIL1,0.144898719,1
SIN3B,0.210954637,1
SIPA1,0.233893396,1
SIRT2,0.626825992,1
SIRT7,0.045151779,1
SIVA1,0.539823887,1
SKI,0.170148282,1
SKIL,0.03887776,1
SKP1,0.423988332,1
SLC11A1,0.696619812,1
SLC12A4,0.500341577,1
SLC15A4,0.364108339,1
SLC16A3,0.368433686,1
SLC1A5,0.027433381,1
SLC20A1,0.014665484,1
SLC22A18,0.19739834,1
SLC25A11,0.802588547,1
SLC25A36,0.431597712,1
SLC25A39,0.655079011,1
SLC25A5,0.969757203,1
SLC25A6,0.188154608,1
SLC27A1,0.341471729,1
SLC2A1,0.043699984,1
SLC2A3,0.116013925,1
SLC2A4RG,0.328287258,1
SLC35B2,0.636328948,1
SLC35C1,0.453807056,1
SLC35C2,0.482827903,1
SLC35E1,0.529697345,1
SLC38A10,0.107418552,1
SLC38A2,0.022455335,1
SLC38A5,0.155421857,1
SLC39A1,0.569280784,1
SLC39A13,0.503355273,1
SLC39A3,0.321532821,1
SLC39A6,0.757961591,1
SLC39A7,0.47467788,1
SLC3A2,0.059760546,1
SLC44A2,0.789867324,1
SLC45A4,0.069170818,1
SLC4A2,0.115794287,1
SLC52A2,0.47835359,1
SLC5A8,0.854054259,1
SLC6A8,0.483469841,1
SLC8B1,0.319618814,1
SLC9A3R2,0.703795583,1
SLCO1B1,0.538628728,1
SLCO4A1,0.061558398,1
SLIRP,0.679089782,1
SLK,0.080459,1
SLTM,0.027550487,1
SMAD3,0.394813963,1
SMARCB1,0.805561292,1
SMARCD2,0.390395705,1
SMC4,0.7537471,1
SMDT1,0.227820283,1
SMG7,0.557951991,1
SMIM22,0.07387042,1
SMIM7,0.678911599,1
SMPD1,0.275665117,1
SMTN,0.752034642,1
SND1,0.642754282,1
SNF8,0.219927745,1
SNRNP200,0.113963746,1
SNRNP70,0.104439821,1
SNRPA,0.109978124,1
SNRPB,0.521947575,1
SNRPC,0.236135608,1
SNRPD1,0.281501086,1
SNRPD3,0.488433263,1
SNRPF,0.914613434,1
SNU13,0.38270817,1
SNX1,0.570818087,1
SNX17,0.024304295,1
SNX5,0.834395396,1
SOD2,0.095571811,1
SOD3,0.788962538,1
SON,0.189166862,1
SORBS3,0.150150881,1
SOX4,0.675316998,1
SOX9,0.65199931,1
SP100,0.532818453,1
SPATA20,0.222562871,1
SPATS2L,0.101077875,1
SPCS2,0.734871813,1
SPDEF,0.293291989,1
SPG7,0.270480297,1
SPHK1,0.104170052,1
SPINT1,0.166872234,1
SPINT2,0.46743681,1
SPON2,0.061290281,1
SPP1,0.0236809,1
SPPL2B,0.791950664,1
SPPL3,0.447609016,1
SPR,0.402367191,1
SPRR1B,0.139783815,1
SPRR3,0.057742549,1
SPRYD3,0.228942671,1
SPSB1,0.442422165,1
SPSB3,0.525645739,1
SPTAN1,0.05102322,1
SQOR,0.071762239,1
SQSTM1,0.160200266,1
SRA1,0.506204512,1
SRC,0.180276756,1
SREBF1,0.688133873,1
SREBF2,0.720541342,1
SRM,0.242765113,1
SRPRB,0.155786752,1
SRPX2,0.416059563,1
SRRM1,0.316610826,1
SRRM2,0.483312688,1
SRSF2,0.481193126,1
SRSF3,0.509715546,1
SRSF5,0.064866907,1
SRSF9,0.640929273,1
SSBP4,0.86396533,1
SSNA1,0.353332696,1
SSR1,0.762316477,1
SSR2,0.392608794,1
SSR3,0.724627378,1
SSR4,0.405239209,1
SSRP1,0.57873065,1
SSU72,0.349101005,1
ST13,0.750401073,1
ST14,0.812936341,1
ST3GAL1,0.475056923,1
ST5,0.016001577,1
ST6GALNAC4,0.315563268,1
STAG2,0.882985799,1
STAP2,0.180417994,1
STARD10,0.33539389,1
STARD3,0.072918746,1
STAT2,0.212877766,1
STAT3,0.257261328,1
STAT6,0.350185028,1
STAU1,0.631811774,1
STIM1,0.163662388,1
STIP1,0.556242229,1
STK11,0.352205224,1
STK24,0.648720173,1
STK25,0.614989231,1
STOML2,0.359506963,1
STT3A,0.956695078,1
STT3B,0.872676919,1
STUB1,0.143542736,1
STX10,0.427711986,1
STX5,0.449974919,1
STX7,0.617734002,1
STXBP2,0.271900036,1
STYXL1,0.200913522,1
SUCLG2,0.659026758,1
SULF1,0.082297963,1
SULF2,0.577226117,1
SULT1A1,0.72590305,1
SUMF2,0.127074976,1
SUMO1,0.112955942,1
SUMO2,0.203517323,1
SUMO3,0.040970944,1
SUN1,0.743083155,1
SUN2,0.116626005,1
SUPT5H,0.776092021,1
SUPT6H,0.651695723,1
SURF4,0.19012219,1
SYF2,0.307261169,1
SYMPK,0.199625447,1
SYNE2,0.257884724,1
SYPL1,0.17476486,1
SYT8,0.012624599,1
SYTL1,0.392099021,1
SYVN1,0.686461577,1
SZRD1,0.014493375,1
TACSTD2,0.055041927,1
TADA3,0.627750992,1
TAF10,0.363451892,1
TAF15,0.379037889,1
TAGLN2,0.070902641,1
TALDO1,0.745197211,1
TAP1,0.674917725,1
TAPBP,0.230245209,1
TARDBP,0.462536519,1
TAX1BP3,0.093009705,1
TBC1D10A,0.845401815,1
TBC1D17,0.414784634,1
TBC1D2B,0.649759047,1
TBCB,0.531116201,1
TBCD,0.821789819,1
TBL1XR1,0.700699118,1
TBRG4,0.845892518,1
TCEA2,0.561177136,1
TCF25,0.511542255,1
TCF4,0.343676818,1
TCF7L2,0.429126125,1
TCIRG1,0.294309313,1
TCOF1,0.655688264,1
TCP1,0.501164904,1
TECR,0.197302531,1
TESC,0.078628961,1
TFCP2L1,0.406119197,1
TFE3,0.168401547,1
TFRC,0.048896493,1
TGFB1,0.367347931,1
TGIF1,0.244213538,1
TGM2,0.317235728,1
THAP4,0.756087588,1
THBS1,0.156958563,1
TIMM13,0.33575471,1
TIMM17A,0.299213718,1
TIMM17B,0.81452032,1
TIMM50,0.487134704,1
TIMM8B,0.087661997,1
TIMP2,0.075204458,1
TINAGL1,0.2750412,1
TJP1,0.291014821,1
TJP3,0.834442196,1
TK1,0.06972734,1
TKT,0.80608626,1
TLE3,0.11389516,1
TLN1,0.323823054,1
TLNRD1,0.292137265,1
TM7SF3,0.701898463,1
TM9SF2,0.342863902,1
TM9SF3,0.450566958,1
TM9SF4,0.036813659,1
TMA7,0.448179148,1
TMBIM1,0.156733114,1
TMBIM6,0.727262916,1
TMC5,0.357632105,1
TMC6,0.405194317,1
TMED1,0.548090246,1
TMED10,0.438564705,1
TMED2,0.704719667,1
TMED3,0.377314347,1
TMED4,0.231466915,1
TMED7,0.70031826,1
TMED9,0.223083663,1
TMEM101,0.794659996,1
TMEM106C,0.560098649,1
TMEM109,0.186179094,1
TMEM11,0.905762115,1
TMEM115,0.956270919,1
TMEM120A,0.123561747,1
TMEM123,0.683731986,1
TMEM127,0.150511486,1
TMEM134,0.362160615,1
TMEM141,0.495816733,1
TMEM147,0.534739719,1
TMEM14B,0.293602925,1
TMEM14C,0.393212491,1
TMEM158,0.065078944,1
TMEM160,0.358251465,1
TMEM167A,0.368339868,1
TMEM176A,0.555967818,1
TMEM176B,0.520861726,1
TMEM179B,0.269904248,1
TMEM181,0.19576258,1
TMEM184B,0.931487269,1
TMEM205,0.976260912,1
TMEM208,0.258496871,1
TMEM214,0.041925504,1
TMEM219,0.226305784,1
TMEM222,0.513605986,1
TMEM238,0.427418651,1
TMEM248,0.060284279,1
TMEM250,0.292053659,1
TMEM256,0.53190817,1
TMEM258,0.45002749,1
TMEM259,0.038813363,1
TMEM45B,0.157809287,1
TMEM47,0.25590374,1
TMEM54,0.157743017,1
TMEM59,0.094995265,1
TMEM63A,0.011371056,1
TMEM87A,0.638536355,1
TMEM87B,0.379751251,1
TMEM8A,0.531774791,1
TMEM9,0.712055851,1
TMEM9B,0.32257668,1
TMPRSS4,0.269003865,1
TMUB1,0.306282785,1
TMUB2,0.434169084,1
TMX2,0.915541152,1
TNFRSF12A,0.469208716,1
TNFRSF14,0.848702862,1
TNFRSF1A,0.420542857,1
TNIP1,0.647831001,1
TNK2,0.604415796,1
TNKS1BP1,0.041874774,1
TNPO2,0.501134765,1
TNRC18,0.483787443,1
TNS1,0.511869726,1
TNS4,0.363745461,1
TOB1,0.39135455,1
TOLLIP,0.304877859,1
TOM1,0.180624609,1
TOM1L2,0.656056352,1
TOMM20,0.414679378,1
TOMM22,0.225579798,1
TOR1AIP2,0.465429115,1
TP53I11,0.589295283,1
TP53I13,0.401665771,1
TPBG,0.612556746,1
TPCN1,0.502923125,1
TPD52L2,0.666505204,1
TPI1,0.058605922,1
TPM1,0.16378819,1
TPM2,0.010988824,1
TPM3,0.346014149,1
TPM4,0.109979356,1
TPRA1,0.881586929,1
TPRG1L,0.507016788,1
TPX2,0.168724404,1
TRA2B,0.300854599,1
TRABD,0.024842995,1
TRAF4,0.408636338,1
TRAF7,0.199400921,1
TRAK1,0.773825302,1
TRAM1,0.244831294,1
TRAM2,0.62784012,1
TRAP1,0.879197224,1
TRAPPC1,0.248096613,1
TRAPPC2L,0.286378838,1
TRAPPC6A,0.242558417,1
TRIB1,0.874918951,1
TRIM28,0.342290551,1
TRIM47,0.31929126,1
TRIM54,0.969246246,1
TRIM56,0.398552295,1
TRIM8,0.235544954,1
TRIO,0.338126468,1
TRIOBP,0.736751222,1
TRIP10,0.77991117,1
TRIP6,0.805521367,1
TRIR,0.313336435,1
TRMT112,0.620275946,1
TRPC4AP,0.348584672,1
TRPM4,0.059190956,1
TRUB2,0.135421158,1
TSC2,0.583135375,1
TSC22D1,0.03376735,1
TSC22D4,0.399727102,1
TSG101,0.670379399,1
TSKU,0.47000439,1
TSPAN1,0.03138208,1
TSPAN14,0.783493091,1
TSPAN17,0.250932795,1
TSPAN3,0.071611752,1
TSPAN4,0.495035993,1
TSPO,0.264031279,1
TSR3,0.555381143,1
TSSC4,0.195461657,1
TST,0.1411494,1
TSTA3,0.906689191,1
TSTD1,0.017338657,1
TTC1,0.129523955,1
TTLL12,0.592883554,1
TTYH3,0.392208375,1
TUBA1A,0.461948867,1
TUBA1B,0.423095789,1
TUBA1C,0.652957717,1
TUBA4A,0.625452228,1
TUBB,0.032062846,1
TUBB4B,0.354122388,1
TUBGCP2,0.044174182,1
TUBGCP6,0.722393927,1
TUFM,0.488980089,1
TWF2,0.596212672,1
TXN,0.438184214,1
TXN2,0.519344448,1
TXNDC17,0.073518263,1
TXNL4A,0.50169654,1
TYMP,0.135922072,1
U2AF1,0.458075332,1
U2AF1L5,0.679237767,1
U2AF2,0.615316104,1
UBA1,0.091018644,1
UBALD2,0.384020977,1
UBAP2L,0.381324875,1
UBB,0.014347994,1
UBC,0.087621856,1
UBE2C,0.297887923,1
UBE2D3,0.030268395,1
UBE2E3,0.80094049,1
UBE2G2,0.14264423,1
UBE2H,0.223752658,1
UBE2I,0.51446555,1
UBE2J2,0.604189332,1
UBE2L3,0.83844328,1
UBE2M,0.064725038,1
UBE2R2,0.528769418,1
UBE2S,0.541809598,1
UBE2Z,0.475851681,1
UBL5,0.172424466,1
UBTF,0.265800113,1
UBXN1,0.072067573,1
UBXN6,0.420278208,1
UFC1,0.741864652,1
UFD1,0.833951005,1
UGGT1,0.286448913,1
ULK1,0.528689854,1
UNC13D,0.244924013,1
UNC45A,0.174180668,1
UNC5B,0.345407911,1
UNC93B1,0.131870946,1
UPF1,0.750880516,1
UPP1,0.307153175,1
UQCC2,0.315678591,1
UQCC3,0.523086188,1
UQCR10,0.711524045,1
UQCR11,0.444947495,1
UQCRC1,0.414624505,1
UQCRH,0.105812399,1
UQCRQ,0.443343143,1
URM1,0.754008717,1
USF2,0.020342134,1
USH1C,0.209781867,1
USMG5,0.088547645,1
USP22,0.403662451,1
USP36,0.404589666,1
USP5,0.201089724,1
USP7,0.289568392,1
VAMP2,0.161949793,1
VAMP3,0.136786957,1
VAMP8,0.170475098,1
VAPA,0.787484774,1
VARS,0.471210188,1
VASP,0.48733985,1
VAT1,0.082024389,1
VCAN,0.203871666,1
VCL,0.205854581,1
VCP,0.045725018,1
VDAC1,0.037592368,1
VDAC2,0.458865185,1
VEGFA,0.161080679,1
VEGFB,0.314368841,1
VEZT,0.169479102,1
VGLL4,0.231309002,1
VILL,0.445603661,1
VKORC1,0.130331028,1
VMP1,0.03565916,1
VOPP1,0.629832727,1
VPS16,0.353818315,1
VPS25,0.655006701,1
VPS28,0.366618021,1
VPS37B,0.307048369,1
VPS4A,0.422834993,1
VPS51,0.015426671,1
VSIG2,0.293019949,1
VWA1,0.057589658,1
VWF,0.415467992,1
WAC,0.497692608,1
WARS,0.504172113,1
WASF2,0.971749469,1
WASHC1,0.531910252,1
WBP2,0.205969402,1
WDFY1,0.089516132,1
WDR1,0.502709737,1
WDR13,0.419837548,1
WDR18,0.267480375,1
WDR34,0.051415336,1
WDR45,0.296784638,1
WDR45B,0.58315138,1
WDR46,0.22452566,1
WDR74,0.164223553,1
WDR83OS,0.362575659,1
WDTC1,0.361975884,1
WFDC2,0.241197584,1
WIPF2,0.125233619,1
WIPI2,0.028366786,1
WISP2,0.639773719,1
WNT7B,0.481935572,1
WSB1,0.631091798,1
WSB2,0.741289742,1
WWC1,0.02870115,1
WWTR1,0.075850127,1
XRCC5,0.238882662,1
XRCC6,0.670425859,1
YARS,0.365424911,1
YBX1,0.694365008,1
YBX3,0.47342921,1
YDJC,0.420260034,1
YIF1A,0.652938831,1
YIF1B,0.279981207,1
YIPF2,0.205363533,1
YIPF3,0.152031898,1
YIPF4,0.884386683,1
YKT6,0.31418584,1
YPEL3,0.049801813,1
YWHAB,0.092383972,1
YWHAE,0.779023615,1
YWHAG,0.327980923,1
YWHAQ,0.662187122,1
YWHAZ,0.358606243,1
YY1AP1,0.477310363,1
Z82206.1,0.323844087,1
ZBTB7A,0.647478999,1
ZBTB7B,0.461743461,1
ZC3HAV1,0.363170305,1
ZCCHC24,0.326827576,1
ZDHHC12,0.214424802,1
ZDHHC3,0.083165704,1
ZDHHC5,0.249476452,1
ZDHHC8,0.775128213,1
ZER1,0.486834415,1
ZFAND2A,0.867742588,1
ZFAND2B,0.734190384,1
ZFAND3,0.226142642,1
ZFAND6,0.595769346,1
ZFP36,0.657878077,1
ZFP36L1,0.256724122,1
ZFPL1,0.195652561,1
ZG16B,0.681706245,1
ZMAT2,0.199146501,1
ZMIZ2,0.377384094,1
ZNF207,0.389116601,1
ZNF428,0.117296433,1
ZNF579,0.432248466,1
ZNF593,0.261015426,1
ZNF703,0.36520594,1
ZNF787,0.162872711,1
ZNF83,0.429721038,1
ZNF90,0.288059223,1
ZNHIT1,0.68961141,1
ZSWIM8,0.181585963,1
ZYX,0.683719766,1
