MTRNR2L1,5.55E-17,2.73E-13
MTRNR2L12,5.55E-17,2.73E-13
MTRNR2L8,5.55E-17,2.73E-13
IFI6,4.22E-15,1.25E-11
IGFBP2,3.55E-15,1.25E-11
COL1A1,8.53E-14,2.10E-10
CST1,4.80E-12,8.86E-09
WFDC2,4.26E-12,8.86E-09
TYMP,2.49E-11,4.08E-08
KRT17,5.19E-11,7.67E-08
FN1,1.65E-10,2.22E-07
PFN1,3.94E-10,4.84E-07
C3,5.97E-10,6.78E-07
COL3A1,6.55E-10,6.91E-07
ATP2A3,2.49E-09,2.45E-06
CST4,3.26E-09,2.96E-06
KRT19,3.41E-09,2.96E-06
TFF2,3.73E-09,3.06E-06
HLA-DRA,5.12E-09,3.98E-06
ACTB,6.03E-09,4.44E-06
CST2,6.31E-09,4.44E-06
BGN,9.32E-09,6.25E-06
HLA-DPA1,9.97E-09,6.40E-06
COL1A2,1.58E-08,9.70E-06
CST3,2.07E-08,1.22E-05
MFAP2,6.58E-08,3.74E-05
B2M,7.14E-08,3.91E-05
CRABP2,8.64E-08,4.56E-05
SCGB3A1,1.47E-07,7.46E-05
MTRNR2L3,3.10E-07,0.000152352
ISLR,3.40E-07,0.000161918
DES,4.17E-07,0.000192507
TFF3,5.40E-07,0.000241446
CFD,6.14E-07,0.000266683
FCGBP,1.17E-06,0.000493432
CLDN3,1.22E-06,0.000498952
C1QA,2.29E-06,0.000915756
FOSB,2.54E-06,0.000985509
MTRNR2L10,3.15E-06,0.001194042
TM4SF1,3.90E-06,0.001438068
RARRES3,4.10E-06,0.001475549
AEBP1,5.09E-06,0.001788149
HLA-B,6.46E-06,0.002218778
GAPDH,7.42E-06,0.002490956
MMP11,1.31E-05,0.004313874
C11orf96,1.37E-05,0.004385132
MTRNR2L11,1.55E-05,0.004882149
STMN1,2.40E-05,0.007397731
C1QB,2.47E-05,0.007447717
TAGLN,2.53E-05,0.007476648
APH1A,2.66E-05,0.007708162
C1S,2.83E-05,0.00803823
MUC6,3.71E-05,0.010344738
COL6A2,3.93E-05,0.01074779
HLA-E,5.04E-05,0.013535199
TPM2,5.51E-05,0.014523118
SPINT2,6.12E-05,0.015851561
HTRA1,7.18E-05,0.018269581
CD52,7.45E-05,0.018658131
CACNA1A,8.38E-05,0.020621918
TMEM9,8.68E-05,0.021001396
NBL1,0.000107646,0.02563983
ATP5I,0.000123277,0.028896763
TSC22D4,0.000136492,0.031494548
GPSM3,0.000149741,0.033504665
HIGD2A,0.000148887,0.033504665
BMP1,0.000152419,0.033594739
HTRA3,0.000173266,0.037628152
IGFBP4,0.000201606,0.04314828
KLF15,0.000307757,0.064925927
JTB,0.000313942,0.065297977
TMSB4X,0.000326489,0.066964535
POSTN,0.000359233,0.072671125
GOLGA2,0.000395396,0.078905731
ZNF423,0.000452057,0.089010238
TAP1,0.000480939,0.093451219
CCL5,0.000584955,0.110748111
SERPINE1,0.000583416,0.110748111
NPM1,0.000619584,0.115819323
ARPC4,0.000628743,0.116062441
ETS2,0.000711325,0.129685394
IGFBP7,0.000733466,0.132091322
JUND,0.00084852,0.150970572
GNAS,0.000886843,0.155910542
CD74,0.001211052,0.203230189
COL7A1,0.00119696,0.203230189
GBP2,0.001198454,0.203230189
HDGF,0.001198505,0.203230189
SPARC,0.001321597,0.2181709
TPSAB1,0.001329631,0.2181709
CD24,0.001401785,0.22746302
CNN1,0.001417067,0.22746302
YBX3,0.001504308,0.238870169
RPS6KA1,0.001650496,0.256565943
SCNN1A,0.00164849,0.256565943
MFAP4,0.001944038,0.295965587
MUC5B,0.001941923,0.295965587
SKP1,0.002044046,0.308015632
LGALS3BP,0.002144269,0.319854436
C1R,0.002264846,0.331150544
VOPP1,0.002263369,0.331150544
BCAM,0.002405153,0.348217561
S100A9,0.00248635,0.356478395
COTL1,0.00273098,0.384093911
SEZ6,0.002728051,0.384093911
FBLN1,0.002823877,0.393412543
CTRB2,0.002898722,0.400065406
ACKR1,0.002979935,0.407465941
S100A6,0.003019112,0.409035405
FBXO18,0.003282091,0.437396816
SPON2,0.003287686,0.437396816
NDUFA10,0.003341453,0.44058083
SOD2,0.003392063,0.443295841
CORO1A,0.003435457,0.444434315
EEF1D,0.003460965,0.444434315
CYBA,0.003561417,0.453391204
OGFR,0.00378856,0.478185631
TPM3,0.003941191,0.493234749
PRELP,0.004155212,0.515649296
HSP90AA1,0.004200608,0.516456818
PLAT,0.004231664,0.516456818
COX6A1,0.004337388,0.520752581
MIA3,0.004306803,0.520752581
MMP14,0.004747509,0.565395443
CREB3L1,0.00502915,0.589430073
IGFBP5,0.004991364,0.589430073
PLEKHO1,0.00511476,0.594743529
PCSK7,0.005246805,0.605331374
TUBB,0.005294819,0.606135348
ARFRP1,0.005383013,0.607358574
SEMA3C,0.00538776,0.607358574
PIGR,0.005671424,0.634492333
MTRNR2L6,0.005821693,0.646406794
LAMB3,0.006094852,0.666230295
LTB,0.006135572,0.666230295
TNFRSF21,0.006117519,0.666230295
AES,0.006251671,0.673881847
CKAP4,0.006388551,0.677174971
EVA1B,0.006465644,0.677174971
KRT18,0.006428267,0.677174971
TAPBP,0.006433059,0.677174971
HLA-A,0.006524331,0.67850942
TIMP1,0.006602758,0.681863736
MSLN,0.006649636,0.681935946
HLA-DRB1,0.006898306,0.702558813
LYZ,0.007059793,0.71408073
C4B,0.007222077,0.717652535
IP6K1,0.007240895,0.717652535
KRT8,0.007200505,0.717652535
CHPF,0.007602417,0.748460108
MYH11,0.007770864,0.759977234
APOE,0.008019499,0.77913353
ATP6V0E1,0.008425713,0.807416344
CD44,0.008474635,0.807416344
CLDN2,0.008412047,0.807416344
PIM2,0.008898032,0.842320901
C14orf2,0.009340843,0.851489456
DAG1,0.009243983,0.851489456
EIF3I,0.009130186,0.851489456
NENF,0.009290278,0.851489456
PMEPA1,0.009218676,0.851489456
RNPEP,0.009313772,0.851489456
ARID5A,0.009573751,0.867366738
C4A,0.009910145,0.882910907
COL6A1,0.009924685,0.882910907
MINOS1,0.009922041,0.882910907
CALM1,0.010468493,0.920201859
EFHD2,0.010456594,0.920201859
CTSA,0.011467193,0.978856947
HLA-DRB5,0.011425172,0.978856947
LCP1,0.011455314,0.978856947
MMP15,0.011209124,0.978856947
THBS2,0.011384224,0.978856947
MGST3,0.011650318,0.98877338
A2M,0.334444777,1
ABHD11,0.018578732,1
ABL1,0.502741501,1
ABLIM1,0.072466306,1
AC004556.1,0.335826266,1
AC126755.2,0.865282947,1
AC138969.1,0.984313762,1
ACAA1,0.424626393,1
ACADVL,0.328629385,1
ACTA2,0.399604995,1
ACTG1,0.384337209,1
ACTG2,0.026191537,1
ACTN1,0.340616328,1
ACTN4,0.184490762,1
ACTR2,0.409808378,1
ADA2,0.105441706,1
ADAM15,0.802676932,1
ADAR,0.477085016,1
ADD1,0.657946767,1
ADGRA2,0.403585393,1
ADGRE5,0.06515082,1
ADI1,0.356621863,1
ADRM1,0.627892882,1
AFDN,0.018413718,1
AGPAT1,0.148578683,1
AGPAT2,0.625022815,1
AGTRAP,0.388330747,1
AHNAK,0.366650041,1
AHNAK2,0.545441875,1
AHSA1,0.650167601,1
AIF1,0.322567987,1
AIP,0.872588122,1
AKAP13,0.595443283,1
AKAP8L,0.567582805,1
AKAP9,0.201516763,1
AKR1A1,0.252343428,1
AKT1,0.153593298,1
AKT1S1,0.213164092,1
ALDH18A1,0.644589509,1
ALDH3B1,0.655314858,1
ALDOA,0.935381434,1
ALKBH5,0.03835639,1
ANAPC11,0.088391051,1
ANKLE2,0.316331399,1
ANKRD10,0.025216755,1
ANKRD11,0.694449415,1
ANKRD13D,0.743387574,1
ANP32B,0.236760402,1
ANPEP,0.073534766,1
ANTXR1,0.106995707,1
ANXA1,0.216601964,1
ANXA11,0.451243665,1
ANXA2,0.545932804,1
ANXA4,0.945361609,1
ANXA6,0.84995246,1
ANXA8,0.149783856,1
ANXA8L1,0.612807912,1
AP1M1,0.617292242,1
AP1S1,0.16243494,1
AP2A1,0.80967582,1
AP2A2,0.066375639,1
AP2B1,0.282777691,1
AP2M1,0.337439565,1
AP2S1,0.764030779,1
APBB1,0.912779271,1
APEH,0.427798751,1
APLP2,0.226145316,1
APOBEC3C,0.510581551,1
APOC1,0.252819721,1
APOL1,0.153460122,1
APOL2,0.100455613,1
APOL3,0.198700682,1
APP,0.05741805,1
APRT,0.165077833,1
AQP1,0.741823904,1
ARAP1,0.19331126,1
ARF1,0.766458157,1
ARFGAP1,0.462043482,1
ARFGAP2,0.766258107,1
ARGLU1,0.116031705,1
ARHGAP1,0.484066685,1
ARHGDIA,0.271006058,1
ARHGDIB,0.362513303,1
ARHGEF1,0.331791752,1
ARHGEF2,0.696415547,1
ARL16,0.232070474,1
ARL2,0.375243896,1
ARL6IP5,0.579749141,1
ARPC1A,0.711479301,1
ARPC1B,0.287978375,1
ARPC2,0.319787212,1
ARPC3,0.758548723,1
ARPC5,0.34815859,1
ARPC5L,0.317797398,1
ARRB2,0.145316548,1
ARRDC1,0.127928989,1
ARSD,0.791138756,1
ASH1L,0.364539109,1
ASNA1,0.668802753,1
ASS1,0.386236898,1
ATF4,0.143629367,1
ATG10,0.346843008,1
ATG13,0.411612959,1
ATG4B,0.022071361,1
ATG9A,0.674517981,1
ATN1,0.020620344,1
ATOX1,0.314101519,1
ATP1A1,0.502415509,1
ATP1B1,0.322025014,1
ATP2A2,0.545680483,1
ATP2B4,0.315390683,1
ATP5A1,0.317674881,1
ATP5B,0.033134564,1
ATP5D,0.563941595,1
ATP5E,0.196717382,1
ATP5EP2,0.254666174,1
ATP5G1,0.125226224,1
ATP5G2,0.257196545,1
ATP5G3,0.743175859,1
ATP5J2,0.349054685,1
ATP5L,0.236060936,1
ATP5O,0.200918911,1
ATP6AP1,0.354503727,1
ATP6AP2,0.602768236,1
ATP6V0B,0.691274338,1
ATP6V0D1,0.128848094,1
ATP6V1B2,0.627443941,1
ATPIF1,0.388968771,1
ATRAID,0.402259819,1
ATXN2L,0.328193129,1
AUP1,0.896663639,1
AURKAIP1,0.730423569,1
AXL,0.402833207,1
B4GALT1,0.545458892,1
B4GALT2,0.031942907,1
B4GALT3,0.641677488,1
BAG6,0.597028597,1
BAIAP2,0.226052107,1
BAIAP2L1,0.652462073,1
BAP1,0.421893397,1
BCAP31,0.042074201,1
BCAR1,0.575890346,1
BCL2L1,0.814468812,1
BCL3,0.51657178,1
BCL7C,0.507165516,1
BCR,0.812534641,1
BEST1,0.267047523,1
BHLHE40,0.442259851,1
BIN1,0.367834417,1
BIN3,0.110974918,1
BLOC1S1,0.589880587,1
BLVRB,0.01876376,1
BRD2,0.097970486,1
BRI3,0.550458735,1
BRK1,0.798379015,1
BRMS1,0.287135645,1
BRSK1,0.048202166,1
BSG,0.018746235,1
BST2,0.510884549,1
BTBD2,0.784706192,1
BTN3A2,0.430318545,1
BUD23,0.213503471,1
BUD31,0.188358247,1
BZW1,0.436651642,1
C12orf57,0.238936742,1
C14orf166,0.351874079,1
C16orf58,0.420126605,1
C17orf62,0.082535316,1
C19orf33,0.200632502,1
C19orf53,0.075043619,1
C19orf60,0.50448893,1
C19orf66,0.12866833,1
C19orf70,0.410392574,1
C1QC,0.486378273,1
C1QTNF1,0.141987193,1
C1orf122,0.413638149,1
C1orf43,0.780243216,1
C2,0.117155529,1
C4orf3,0.49699637,1
C4orf48,0.605807493,1
C6orf62,0.235645492,1
C7,0.366268481,1
C7orf50,0.172592582,1
C9orf16,0.200186665,1
CALCOCO2,0.506204814,1
CALD1,0.012625549,1
CALM2,0.108672948,1
CALM3,0.47808702,1
CALR,0.758046912,1
CANX,0.456788327,1
CAP1,0.608132829,1
CAPG,0.337285442,1
CAPN2,0.270478913,1
CAPN5,0.030410313,1
CAPNS1,0.213598885,1
CAPRIN1,0.552875655,1
CAPZA1,0.813453492,1
CAPZB,0.813149619,1
CARHSP1,0.373022283,1
CARM1,0.372979003,1
CAST,0.127234598,1
CAVIN1,0.366801566,1
CAVIN3,0.077982692,1
CBX3,0.891168957,1
CBX5,0.23768236,1
CBX7,0.033645839,1
CCDC107,0.617851481,1
CCDC80,0.659713371,1
CCDC85B,0.084925481,1
CCL21,0.063371753,1
CCND1,0.854509038,1
CCND3,0.557425624,1
CCNI,0.853732919,1
CCNL2,0.136366445,1
CCT3,0.381693767,1
CCT4,0.812597937,1
CCT5,0.103664773,1
CCT7,0.398123724,1
CD14,0.220197268,1
CD151,0.283534887,1
CD163,0.238114112,1
CD164,0.135016819,1
CD248,0.039831669,1
CD276,0.496596427,1
CD4,0.606058713,1
CD47,0.06705969,1
CD59,0.076537476,1
CD6,0.811707233,1
CD63,0.357429301,1
CD68,0.143049898,1
CD7,0.0241157,1
CD81,0.660505895,1
CD82,0.455835285,1
CD99,0.185127999,1
CDC37,0.150315169,1
CDC42,0.102811871,1
CDC42EP1,0.469155409,1
CDK11B,0.413232239,1
CDK16,0.057801802,1
CDKN1A,0.362074862,1
CDKN2A,0.412057876,1
CEACAM6,0.667056543,1
CEBPB,0.065111277,1
CENPB,0.750958154,1
CERCAM,0.052700072,1
CES1,0.609330433,1
CFB,0.698832637,1
CFH,0.75489699,1
CFL1,0.451884272,1
CFLAR,0.906315606,1
CHCHD10,0.725330963,1
CHCHD2,0.780829766,1
CHD3,0.555710588,1
CHD4,0.214591353,1
CHD8,0.584876483,1
CHID1,0.470704949,1
CHMP1A,0.342386717,1
CHMP2A,0.682418557,1
CHMP4B,0.434045935,1
CHP1,0.893307891,1
CHPF2,0.079230142,1
CIB1,0.019972383,1
CIRBP,0.66061508,1
CIZ1,0.464067869,1
CKB,0.871427744,1
CLCN7,0.321383299,1
CLDN10,0.34123959,1
CLDN4,0.05398221,1
CLDN5,0.959974198,1
CLDN7,0.014004464,1
CLIC1,0.394599913,1
CLIC4,0.310652489,1
CLK2,0.345088013,1
CLPTM1,0.149933692,1
CLPTM1L,0.194459315,1
CLSTN1,0.690063074,1
CLSTN3,0.285934383,1
CLTA,0.544801725,1
CLTB,0.803532861,1
CLTC,0.93054104,1
CLU,0.03164947,1
CMTM6,0.685872496,1
CNN2,0.311962942,1
CNN3,0.583556228,1
CNOT1,0.636786424,1
CNOT2,0.384191914,1
CNPY2,0.178436564,1
CNPY3,0.095159963,1
COL12A1,0.64011897,1
COL16A1,0.015111792,1
COL18A1,0.631843513,1
COL4A1,0.127796571,1
COL4A2,0.384677797,1
COL5A1,0.017937097,1
COL5A2,0.273895682,1
COL6A3,0.670901461,1
COLGALT1,0.527722488,1
COMMD1,0.37071895,1
COMP,0.041847108,1
COPA,0.253772693,1
COPE,0.872266637,1
COPS6,0.577458208,1
COPS9,0.859819065,1
COPZ1,0.373211246,1
COX4I1,0.752331948,1
COX5B,0.153347556,1
COX6B1,0.64903692,1
COX6C,0.441409153,1
COX7A2,0.031172854,1
COX7B,0.018616104,1
COX7C,0.596970925,1
COX8A,0.021915023,1
CPNE1,0.838347992,1
CPSF1,0.021378972,1
CPSF7,0.359010257,1
CREB3,0.165571994,1
CRIP2,0.489882193,1
CRISPLD2,0.46544231,1
CRTAP,0.708089055,1
CSDE1,0.89837408,1
CSF1R,0.1292496,1
CSK,0.21948934,1
CSNK1D,0.188719342,1
CSNK1E,0.439410266,1
CSNK1G2,0.738244104,1
CSRP1,0.440148449,1
CST5,0.56886672,1
CSTB,0.787640941,1
CTBP1,0.544782167,1
CTBP2,0.572872699,1
CTDNEP1,0.61034933,1
CTDSP1,0.096598574,1
CTDSP2,0.084698104,1
CTDSPL,0.708130731,1
CTGF,0.447055917,1
CTHRC1,0.172023328,1
CTNNA1,0.783600141,1
CTNNB1,0.452986223,1
CTNND1,0.21216188,1
CTSB,0.014860516,1
CTSC,0.381264023,1
CTSD,0.066869126,1
CTSH,0.560432631,1
CTSK,0.492612501,1
CTSS,0.072788067,1
CTTN,0.426852219,1
CUTA,0.615615205,1
CUX1,0.235186557,1
CXCL1,0.33479268,1
CXCL16,0.689295718,1
CXXC1,0.400218733,1
CXXC5,0.259696237,1
CYB5R3,0.906669041,1
CYBRD1,0.577506045,1
CYC1,0.197238175,1
CYHR1,0.333113656,1
DAP,0.104876678,1
DAPK3,0.817607929,1
DAZAP1,0.116666004,1
DAZAP2,0.146517042,1
DBI,0.928910554,1
DBNL,0.548215282,1
DCBLD2,0.178790573,1
DCD,0.054566576,1
DCN,0.081291324,1
DCTN1,0.746525828,1
DCTN2,0.063975197,1
DDAH2,0.869853395,1
DDB1,0.631041319,1
DDIT4,0.059102931,1
DDOST,0.28056736,1
DDR1,0.361290797,1
DDX17,0.299114567,1
DDX24,0.211130978,1
DDX3X,0.154307137,1
DDX41,0.78314086,1
DDX5,0.889781344,1
DDX6,0.1012148,1
DEF6,0.704448499,1
DGCR8,0.020442104,1
DHCR24,0.6179416,1
DHRS3,0.542097756,1
DHX30,0.630765528,1
DLGAP4,0.376500664,1
DMWD,0.562196393,1
DNAJB1,0.516830388,1
DNAJC4,0.204077375,1
DNAJC5,0.578573241,1
DNAJC7,0.512394526,1
DNAJC8,0.361908646,1
DNASE2,0.152382839,1
DNM1,0.224986235,1
DNM2,0.161163338,1
DOCK7,0.446381625,1
DOT1L,0.493150699,1
DPP7,0.164462621,1
DPP9,0.820559714,1
DPYSL3,0.35648059,1
DRAP1,0.065698137,1
DRG2,0.380855916,1
DST,0.526671611,1
DSTN,0.912191569,1
DUS1L,0.206197208,1
DUSP23,0.69042897,1
DUSP3,0.662807448,1
DYNC1H1,0.285154281,1
DYNC1LI2,0.039777494,1
DYNLL1,0.536754313,1
DYNLL2,0.476746639,1
DYNLRB1,0.709554344,1
DYNLT1,0.651506327,1
ECE1,0.627517994,1
ECH1,0.676450647,1
ECHS1,0.123419144,1
ECM1,0.20760802,1
EDF1,0.954047553,1
EEF1A1,0.025485752,1
EEF1B2,0.359668354,1
EEF2,0.012852298,1
EFEMP2,0.295499474,1
EFNA2,0.161194939,1
EFTUD2,0.679213245,1
EGFL7,0.352510969,1
EGLN2,0.270920065,1
EGR1,0.658341741,1
EHBP1L1,0.013411354,1
EHD1,0.173647174,1
EHD2,0.926026071,1
EIF1,0.064943154,1
EIF2S2,0.329788546,1
EIF3B,0.546997417,1
EIF3C,0.480091979,1
EIF3CL,0.552332212,1
EIF3D,0.09175147,1
EIF3G,0.730689842,1
EIF3K,0.881684938,1
EIF3M,0.63131074,1
EIF4A2,0.186510624,1
EIF4B,0.463325439,1
EIF4EBP2,0.72978845,1
EIF4G1,0.592151483,1
EIF4G2,0.537678021,1
EIF5,0.29003869,1
EIF5A,0.101017715,1
EIF5AL1,0.03556089,1
EIF6,0.826681055,1
ELF3,0.020425472,1
ELN,0.422289152,1
ELOB,0.654281303,1
ELOVL1,0.767724221,1
EMC10,0.246266669,1
EMILIN1,0.150005421,1
EMP3,0.111518257,1
ENG,0.027652218,1
ENO1,0.548169929,1
ENSA,0.38495819,1
EPCAM,0.135235525,1
EPHB4,0.089317776,1
EPHX1,0.577880828,1
EPN1,0.239271986,1
EPS8L1,0.235450697,1
ERBB2,0.023282664,1
ERBB3,0.543541337,1
ERF,0.558768558,1
ERGIC1,0.138209967,1
ERGIC3,0.376643617,1
ERH,0.466903608,1
ERP29,0.082505779,1
ESYT2,0.88888106,1
ETS1,0.055494703,1
EVL,0.954595037,1
EXOC3,0.413411089,1
EXOC7,0.462457856,1
EXOSC6,0.223059594,1
EZR,0.060808356,1
F11R,0.77589448,1
FAAP100,0.344386167,1
FAAP20,0.176299097,1
FADS2,0.26507029,1
FAM129B,0.591495,1
FAM160B2,0.481256164,1
FAM20C,0.163639781,1
FAM213A,0.240189948,1
FAM234A,0.815718637,1
FAM50A,0.174488716,1
FAM83H,0.236736836,1
FAM89B,0.983969044,1
FARP1,0.492760132,1
FASN,0.64080588,1
FBL,0.605473561,1
FBN1,0.26806212,1
FBRSL1,0.813929109,1
FBXO7,0.364793719,1
FBXW5,0.197955923,1
FCGR3A,0.550710929,1
FCGRT,0.282006482,1
FDPS,0.338196617,1
FGFR1,0.331978571,1
FILIP1,0.646011205,1
FKBP10,0.364546774,1
FKBP1A,0.110896667,1
FKBP2,0.275569615,1
FKBP8,0.424322713,1
FLII,0.458413153,1
FLNA,0.046595043,1
FLNB,0.52783632,1
FLOT1,0.112167706,1
FLOT2,0.518535567,1
FLRT2,0.501160622,1
FMOD,0.635372729,1
FNDC3B,0.91005556,1
FOS,0.054954724,1
FOSL2,0.517898351,1
FOXK2,0.100336379,1
FOXP1,0.186672603,1
FOXP4,0.748894963,1
FPGS,0.302977165,1
FSCN1,0.809831567,1
FSTL1,0.134356092,1
FSTL3,0.277112861,1
FTH1,0.503463488,1
FTL,0.169721024,1
FURIN,0.445061874,1
FUS,0.823374115,1
FXYD3,0.380114436,1
FXYD5,0.750322275,1
FXYD6,0.69710647,1
FZD2,0.882002535,1
G3BP1,0.414095248,1
GAA,0.059283765,1
GADD45GIP1,0.722402654,1
GAK,0.628552206,1
GANAB,0.738469454,1
GAS6,0.651125975,1
GATAD2A,0.5080409,1
GBA,0.706576903,1
GCN1,0.81774056,1
GDI1,0.604168262,1
GDI2,0.396597071,1
GDPGP1,0.715051418,1
GGT5,0.214901106,1
GIGYF1,0.140839207,1
GIPC1,0.473431746,1
GIT1,0.095265848,1
GLG1,0.588617652,1
GLUL,0.640327051,1
GM2A,0.15858476,1
GNAI2,0.014511693,1
GNAI3,0.792293053,1
GNAQ,0.45189181,1
GNB1,0.344960083,1
GNB2,0.238453357,1
GNS,0.730528379,1
GOLGA3,0.526272623,1
GOLGA8A,0.599687897,1
GOLGA8B,0.160969127,1
GOLGB1,0.970758012,1
GP2,0.031660828,1
GPAA1,0.109111675,1
GPAT4,0.583263706,1
GPC1,0.505316836,1
GPI,0.38636315,1
GPM6A,0.455303767,1
GPR107,0.314187504,1
GPR108,0.140676831,1
GPRC5A,0.489761231,1
GPX1,0.167051219,1
GPX2,0.764954123,1
GPX3,0.022213663,1
GPX4,0.296435392,1
GRAMD1A,0.843814105,1
GREM1,0.05169447,1
GRINA,0.160589598,1
GRK2,0.63941783,1
GRN,0.044232065,1
GSDMD,0.866028112,1
GSN,0.408041642,1
GSTK1,0.454337189,1
GSTO1,0.65191981,1
GSTP1,0.124260673,1
GTF2I,0.301873936,1
GTF3A,0.677929253,1
GUK1,0.081664422,1
GYPC,0.468991054,1
H1F0,0.899894385,1
H1FX,0.547461778,1
H2AFJ,0.326749883,1
H3F3A,0.059270611,1
H3F3B,0.605946833,1
H3F3C,0.590612308,1
HADHA,0.136193259,1
HAPLN3,0.583858252,1
HAX1,0.33066302,1
HCFC1R1,0.443426799,1
HCLS1,0.371646008,1
HCST,0.018282874,1
HDAC1,0.174969699,1
HDAC2,0.193701596,1
HDLBP,0.208430619,1
HEPACAM,0.838549164,1
HERPUD1,0.354909216,1
HES4,0.062788016,1
HEXA,0.513743886,1
HGS,0.032996953,1
HGSNAT,0.261647258,1
HIC1,0.525009977,1
HLA-C,0.246145612,1
HLA-DMA,0.061924936,1
HLA-DMB,0.848368252,1
HLA-DPB1,0.121127223,1
HLA-DQB1,0.030305609,1
HLA-DQB2,0.502720523,1
HLA-F,0.533614375,1
HM13,0.728373431,1
HMG20B,0.882472658,1
HMGA1,0.959425621,1
HMGB1,0.3279722,1
HNRNPA1,0.538820324,1
HNRNPA2B1,0.192288858,1
HNRNPA3,0.305490641,1
HNRNPAB,0.142803628,1
HNRNPC,0.321743726,1
HNRNPD,0.234022773,1
HNRNPDL,0.481782072,1
HNRNPF,0.979442884,1
HNRNPH1,0.606833375,1
HNRNPH3,0.741569925,1
HNRNPK,0.497519129,1
HNRNPL,0.376647325,1
HNRNPM,0.034525628,1
HNRNPR,0.110983752,1
HNRNPU,0.703465208,1
HNRNPUL1,0.036588698,1
HNRNPUL2,0.167422111,1
HOOK3,0.346373796,1
HP1BP3,0.154270194,1
HS3ST1,0.408729026,1
HSBP1,0.501821276,1
HSP90AB1,0.306444618,1
HSP90B1,0.521242151,1
HSPA5,0.321058063,1
HSPA8,0.535245628,1
HSPB1,0.846118758,1
HSPB6,0.175841113,1
HSPG2,0.092692748,1
HYAL2,0.540362405,1
ICAM1,0.138733413,1
ID1,0.230436109,1
ID2,0.956013389,1
ID3,0.56774338,1
IDH2,0.04692585,1
IER2,0.249958415,1
IER3,0.652040305,1
IER5L,0.721173882,1
IFI27,0.268887201,1
IFITM2,0.131774789,1
IFITM3,0.142315203,1
IGF2BP2,0.051271171,1
IGFBP3,0.037386606,1
IGFBP6,0.099951007,1
IL32,0.029900493,1
IL4R,0.013888944,1
IL6ST,0.772820739,1
ILF2,0.610496317,1
ILF3,0.100611402,1
ILK,0.889482171,1
IMPDH2,0.141307358,1
INAFM1,0.746606081,1
INF2,0.109888705,1
INHBA,0.540207369,1
INPP5A,0.045924807,1
INPPL1,0.92824402,1
INTS1,0.386380131,1
INTS11,0.640072429,1
IP6K2,0.669444215,1
IQGAP1,0.747247208,1
IRF1,0.090389204,1
IRF2BP2,0.299198425,1
IRF2BPL,0.647861281,1
IRF3,0.755322814,1
IRF7,0.176031681,1
ISCU,0.361436496,1
ISG15,0.318781635,1
ISG20,0.180877389,1
ISOC2,0.44383253,1
IST1,0.711561662,1
ITGA1,0.903934868,1
ITGA3,0.031545851,1
ITGA5,0.224386365,1
ITGAV,0.617309597,1
ITGB1,0.730815894,1
ITGB2,0.528058849,1
ITGB4,0.489349454,1
ITGB5,0.262973495,1
ITM2B,0.869441455,1
ITM2C,0.668194237,1
ITPA,0.424808464,1
ITPK1,0.459310539,1
ITPR3,0.426710423,1
ITPRIPL2,0.21908326,1
JAG1,0.559162506,1
JAK3,0.065591572,1
JMJD8,0.580822003,1
JPT1,0.134508564,1
JUN,0.770464493,1
JUNB,0.40043928,1
JUP,0.265697839,1
KANSL1,0.841418787,1
KARS,0.128186994,1
KDELR1,0.477816057,1
KDELR2,0.170102391,1
KDM2A,0.533530149,1
KDM6B,0.715527753,1
KEAP1,0.670976772,1
KHDRBS1,0.601390445,1
KHSRP,0.163814864,1
KIAA0100,0.467663957,1
KIAA0930,0.789568274,1
KIAA1522,0.182169343,1
KIAA2013,0.343183443,1
KIF3B,0.441705998,1
KLC1,0.229534082,1
KLF2,0.159164861,1
KLF6,0.463909103,1
KLHDC3,0.837452732,1
KMT2A,0.403346142,1
KMT2B,0.574901469,1
KRT7,0.353652128,1
KXD1,0.805039451,1
LAD1,0.018101135,1
LAMA5,0.266103854,1
LAMB1,0.138584785,1
LAMB2,0.340750234,1
LAMC1,0.094501269,1
LAMC2,0.14186552,1
LAMP1,0.210874404,1
LAMTOR2,0.688774041,1
LAMTOR4,0.017960421,1
LAP3,0.023880747,1
LAPTM4A,0.083279637,1
LAPTM4B,0.043846208,1
LAPTM5,0.022973305,1
LARP1,0.189971115,1
LASP1,0.886822109,1
LBH,0.530330663,1
LCMT2,0.867764913,1
LCN2,0.123905987,1
LDHB,0.01221985,1
LDLR,0.374316838,1
LGALS1,0.015002122,1
LGALS3,0.705772304,1
LGALS9,0.339891527,1
LGALS9B,0.354103445,1
LGALS9C,0.313963467,1
LGMN,0.412831903,1
LIMD2,0.016434884,1
LIMK1,0.595363559,1
LIMK2,0.36358716,1
LIMS2,0.113977355,1
LIPH,0.052915655,1
LITAF,0.233531734,1
LMAN2,0.477677683,1
LMF2,0.25920939,1
LMNA,0.018292833,1
LMO4,0.466603851,1
LOXL1,0.594616315,1
LOXL2,0.676233666,1
LPCAT3,0.987900885,1
LPP,0.312956776,1
LRP1,0.083432126,1
LRP10,0.679691613,1
LRPAP1,0.126518585,1
LRRC15,0.021785482,1
LRRC32,0.419463055,1
LRRC59,0.852379372,1
LRRFIP1,0.192123,1
LSM4,0.649839404,1
LSM7,0.862324992,1
LSP1,0.092285498,1
LSR,0.297859828,1
LTBP1,0.554295191,1
LTBP3,0.556330174,1
LTBP4,0.065459924,1
LTBR,0.664385878,1
LUC7L3,0.014888457,1
LUM,0.090688487,1
LY6E,0.892876744,1
LYPLA2,0.797007169,1
MACF1,0.833336814,1
MAF,0.705128218,1
MAF1,0.250152718,1
MAFK,0.333506631,1
MAGED1,0.613839888,1
MAN1B1,0.300986318,1
MAN2C1,0.579755168,1
MANF,0.270956534,1
MAP1LC3A,0.520793344,1
MAP2K2,0.704068917,1
MAP2K3,0.697085346,1
MAP3K12,0.264959928,1
MAP4,0.602436979,1
MAP4K4,0.32727927,1
MAP7D1,0.028190528,1
MAPK3,0.104109261,1
MAPKAPK2,0.024738711,1
MARCKS,0.496626625,1
MARCKSL1,0.407941134,1
MARK2,0.292743072,1
MARVELD1,0.366195663,1
MAT2A,0.395784181,1
MATR3,0.427267545,1
MAX,0.73112068,1
MAZ,0.144632292,1
MBD3,0.014322551,1
MBNL1,0.420600381,1
MBOAT7,0.525850351,1
MCAM,0.279560316,1
MCL1,0.150242864,1
MCM7,0.74597267,1
MCRIP1,0.237500198,1
MDH2,0.610286328,1
MDK,0.12315584,1
MED15,0.576398145,1
MEGF6,0.134533916,1
MELTF,0.35517866,1
METTL17,0.338948627,1
MFGE8,0.379207841,1
MFSD2B,0.743367849,1
MGAT1,0.25790209,1
MGP,0.360682051,1
MGRN1,0.367270347,1
MICAL1,0.548914749,1
MICALL2,0.576691562,1
MIDN,0.230011741,1
MIIP,0.482601203,1
MKNK2,0.826581766,1
MLEC,0.882389521,1
MLF2,0.02630049,1
MLLT6,0.853602206,1
MLXIP,0.775521344,1
MMP2,0.040186209,1
MMP24-AS1,0.753413885,1
MOB1A,0.230453329,1
MOB3A,0.577955234,1
MORF4L1,0.047038233,1
MPEG1,0.149315924,1
MPRIP,0.286866529,1
MPZL1,0.075119591,1
MRC2,0.37830283,1
MRFAP1,0.181800781,1
MRPL12,0.338040247,1
MRPL20,0.161194124,1
MRPL23,0.060515491,1
MRPL27,0.082179937,1
MRPL41,0.274812674,1
MRPS21,0.191713813,1
MSN,0.106900627,1
MT1E,0.02051626,1
MT1G,0.04953203,1
MT1X,0.665448456,1
MT2A,0.096212579,1
MTA1,0.665996273,1
MTCH1,0.791493677,1
MTDH,0.527001486,1
MUC1,0.066378345,1
MUC16,0.755208345,1
MVP,0.824661311,1
MX1,0.473469637,1
MXD4,0.502330957,1
MXRA5,0.084217103,1
MXRA7,0.065404031,1
MXRA8,0.285763394,1
MYADM,0.708625517,1
MYDGF,0.059370657,1
MYH9,0.14085542,1
MYL12A,0.194260498,1
MYL12B,0.604809235,1
MYL6,0.413210581,1
MYL9,0.017844755,1
MYLK,0.02122449,1
MYO1C,0.88838079,1
MYO1F,0.754455227,1
MYO9B,0.484452226,1
MYRF,0.323077741,1
MZB1,0.164202634,1
MZT2A,0.504398856,1
MZT2B,0.044405077,1
NAA38,0.661669223,1
NACA,0.327960506,1
NACA2,0.257026889,1
NAGK,0.592787697,1
NAP1L1,0.423485231,1
NAPRT,0.429780341,1
NARF,0.559199387,1
NBEAL2,0.423594421,1
NBPF10,0.743128334,1
NBPF12,0.874913409,1
NBPF14,0.715570084,1
NBPF15,0.142924645,1
NBPF19,0.774049427,1
NBPF20,0.888174651,1
NBPF9,0.667968004,1
NCAPH2,0.454936777,1
NCKAP1,0.541694358,1
NCL,0.322381081,1
NCLN,0.600639932,1
NCOR2,0.320435844,1
NCSTN,0.906943876,1
NDFIP1,0.294392952,1
NDRG1,0.71969494,1
NDRG2,0.03510015,1
NDUFA11,0.55198896,1
NDUFA13,0.538340539,1
NDUFA3,0.610837397,1
NDUFA4,0.02965885,1
NDUFB1,0.245666985,1
NDUFB10,0.579376119,1
NDUFB11,0.013924012,1
NDUFB2,0.02137936,1
NDUFB7,0.577017636,1
NDUFB8,0.242728013,1
NDUFB9,0.911235947,1
NDUFS5,0.646926545,1
NDUFS6,0.739550097,1
NDUFS7,0.156606718,1
NDUFS8,0.54698876,1
NDUFV1,0.328464605,1
NDUFV3,0.24946861,1
NECTIN2,0.899196763,1
NEDD8,0.453927183,1
NEGR1,0.373969881,1
NELFB,0.097846191,1
NF1,0.256384514,1
NFE2L1,0.72892904,1
NFIC,0.517035848,1
NFIX,0.515101545,1
NFKBIA,0.537584309,1
NINJ1,0.073371591,1
NISCH,0.619101979,1
NME1,0.243226007,1
NME3,0.611277918,1
NNMT,0.036976017,1
NOMO2,0.084607134,1
NOP53,0.077942634,1
NOP56,0.912151792,1
NOTCH2,0.703075313,1
NOTCH3,0.334909415,1
NPC2,0.332206279,1
NPDC1,0.22028159,1
NPEPPS,0.288796569,1
NPIPA1,0.908337921,1
NPIPA2,0.682190707,1
NPIPA3,0.457986851,1
NPIPA5,0.945970668,1
NPIPA7,0.874659669,1
NPIPA8,0.853168392,1
NPIPB11,0.625700454,1
NPIPB12,0.710558554,1
NPIPB13,0.439326039,1
NPIPB3,0.789148013,1
NPIPB4,0.709183137,1
NPIPB5,0.513706836,1
NPLOC4,0.153993636,1
NRBP1,0.349719401,1
NSMCE1,0.543922142,1
NSMF,0.631701634,1
NT5DC2,0.071376204,1
NUB1,0.436569969,1
NUCB1,0.645167566,1
NUCKS1,0.132363042,1
NUDC,0.22886662,1
NUDT22,0.676198304,1
NUDT4,0.733439951,1
NUMA1,0.147795348,1
NUPR1,0.060320655,1
OASL,0.143207355,1
OAZ1,0.316692352,1
OAZ2,0.944416958,1
OLFML3,0.414151296,1
OPTN,0.243619003,1
ORMDL2,0.016175833,1
OS9,0.097542832,1
OST4,0.019358683,1
OTUB1,0.690536189,1
OTUD5,0.368463788,1
P2RX4,0.186679522,1
P3H3,0.264583152,1
P3H4,0.177349896,1
P4HB,0.42848611,1
PA2G4,0.557851661,1
PABPC1,0.038497173,1
PABPC4,0.636630711,1
PABPN1,0.89893104,1
PACS1,0.96405431,1
PACS2,0.917080413,1
PAFAH1B2,0.539463194,1
PALLD,0.843587694,1
PAM,0.12500875,1
PARP10,0.058301834,1
PARP12,0.411958223,1
PARP14,0.306693275,1
PARP9,0.232835106,1
PARVA,0.428369999,1
PBXIP1,0.237968122,1
PCBP2,0.260491311,1
PCGF2,0.128626013,1
PCOLCE,0.019786055,1
PDAP1,0.681741598,1
PDCD6,0.302430068,1
PDGFRB,0.174598175,1
PDIA3,0.772694045,1
PDIA4,0.494719333,1
PDIA6,0.63130383,1
PDLIM1,0.777685947,1
PDLIM2,0.754530434,1
PDLIM3,0.106292636,1
PDLIM4,0.937102669,1
PDLIM7,0.151696947,1
PDPN,0.043507504,1
PDXK,0.504495013,1
PEA15,0.509942881,1
PEAK1,0.510238539,1
PEBP1,0.406842482,1
PECAM1,0.723668579,1
PEF1,0.432159847,1
PER1,0.520371046,1
PES1,0.736758174,1
PET100,0.904827476,1
PFDN5,0.05322034,1
PFKL,0.29949493,1
PGAM1,0.344190447,1
PGD,0.584320272,1
PGGHG,0.61391825,1
PGLS,0.449358915,1
PGRMC2,0.20043666,1
PHB2,0.035690668,1
PHC2,0.559199167,1
PHLDA1,0.539028811,1
PHLDA3,0.241647887,1
PHLDB1,0.024440278,1
PHPT1,0.576269176,1
PIEZO1,0.780676434,1
PIGT,0.439343563,1
PIP5K1C,0.182336903,1
PKM,0.046346158,1
PKN1,0.227673884,1
PLAU,0.024520223,1
PLCB3,0.530008963,1
PLD3,0.326230976,1
PLEC,0.02829273,1
PLEKHA2,0.277776419,1
PLEKHM2,0.607273141,1
PLEKHO2,0.742488065,1
PLIN3,0.184836032,1
PLK2,0.019697533,1
PLOD1,0.151656242,1
PLOD2,0.214064376,1
PLOD3,0.556568068,1
PLP2,0.244345238,1
PLPPR2,0.283811463,1
PLTP,0.03604913,1
PLVAP,0.228490876,1
PLXDC2,0.104115717,1
PLXNA3,0.648019068,1
PLXNB1,0.455545883,1
PLXNB2,0.520817359,1
PLXND1,0.914001354,1
PML,0.034856961,1
PNPLA2,0.636207209,1
POLR2A,0.529596939,1
POLR2B,0.747443907,1
POLR2I,0.830171621,1
POLR2J,0.702778591,1
POLR2J3,0.110159537,1
POLR2L,0.665027517,1
POM121,0.597581984,1
POM121C,0.722600901,1
POR,0.595233777,1
POTEE,0.319805349,1
POTEI,0.266766285,1
PPDPF,0.380170395,1
PPFIBP1,0.139416098,1
PPIA,0.544168853,1
PPIAL4G,0.674416575,1
PPIB,0.0330526,1
PPM1N,0.546844805,1
PPP1CA,0.73456338,1
PPP1CB,0.889643787,1
PPP1R12C,0.351472199,1
PPP1R14B,0.250092896,1
PPP1R18,0.230406654,1
PPP1R9B,0.500220914,1
PPP2R1A,0.144376722,1
PPP4R3A,0.051034221,1
PPT1,0.085776922,1
PQBP1,0.302002834,1
PRAF2,0.197199871,1
PRCC,0.19011845,1
PRDX1,0.388628716,1
PRDX2,0.815456011,1
PRDX5,0.275624168,1
PRDX6,0.536459322,1
PRELID1,0.296939612,1
PRKACA,0.583612558,1
PRKCSH,0.160708522,1
PRMT1,0.158711629,1
PRMT2,0.920698845,1
PRPF19,0.598135531,1
PRPF31,0.724490719,1
PRPF6,0.706804562,1
PRPF8,0.533797936,1
PRR13,0.030860042,1
PRRC2A,0.076476362,1
PRRC2B,0.50472409,1
PRRC2C,0.499470225,1
PRRG3,0.097370955,1
PRSS8,0.610541789,1
PSAP,0.042120374,1
PSD,0.822660571,1
PSMA3,0.919154169,1
PSMB1,0.572868041,1
PSMB3,0.519738327,1
PSMB4,0.220561589,1
PSMB6,0.506894341,1
PSMB7,0.66921517,1
PSMB8,0.36384784,1
PSMB9,0.036745496,1
PSMC3,0.754118608,1
PSMC4,0.543675464,1
PSMD13,0.610781921,1
PSMD2,0.820099674,1
PSMD3,0.648938976,1
PSMD8,0.229033108,1
PSME1,0.03848299,1
PSME2,0.092069221,1
PTBP1,0.412365517,1
PTEN,0.828358184,1
PTGDS,0.034131937,1
PTGES3,0.030106534,1
PTK7,0.153607066,1
PTMA,0.313313908,1
PTMS,0.015003348,1
PTOV1,0.384085611,1
PTP4A2,0.558005612,1
PTPA,0.347792091,1
PTPN18,0.538113719,1
PTPRF,0.313540728,1
PTPRU,0.148038659,1
PTTG1IP,0.456733267,1
PUM1,0.221050407,1
PYGB,0.161440014,1
QARS,0.572368935,1
QKI,0.464582356,1
QSOX1,0.592808769,1
R3HDM4,0.047313433,1
RAB11B,0.093046666,1
RAB11FIP3,0.736511341,1
RAB13,0.25320566,1
RAB1B,0.485302414,1
RAB34,0.012762057,1
RAB5B,0.365230664,1
RAB5C,0.028136244,1
RAB7A,0.777057975,1
RAB8A,0.806357778,1
RABAC1,0.436209016,1
RAC1,0.556524517,1
RACK1,0.131342854,1
RAD23A,0.115475144,1
RAD23B,0.273270484,1
RAF1,0.503427993,1
RALGDS,0.07247653,1
RALY,0.422839759,1
RAMP1,0.206679313,1
RAN,0.445745824,1
RANGAP1,0.700530137,1
RAPGEF1,0.735980001,1
RARA,0.498226021,1
RARRES2,0.210791144,1
RASSF4,0.712026287,1
RASSF7,0.537400534,1
RBCK1,0.309777607,1
RBM17,0.065368736,1
RBM3,0.8184153,1
RBM39,0.684277633,1
RBM42,0.839925914,1
RBM5,0.688727773,1
RBM6,0.780606384,1
RBM8A,0.435371109,1
RBMS1,0.324348423,1
RBMX,0.252825883,1
RBP1,0.4124308,1
RBPMS,0.757368572,1
RCC2,0.264087149,1
RCN1,0.332347704,1
RELB,0.528525152,1
RER1,0.526709657,1
RETREG2,0.280777228,1
RETREG3,0.507671703,1
RFNG,0.746388364,1
RGL2,0.907179155,1
RGS3,0.675162761,1
RGS5,0.107241509,1
RHBDD2,0.241489169,1
RHOA,0.388865459,1
RHOC,0.134654461,1
RHOG,0.364085869,1
RHOT2,0.761225013,1
RING1,0.831252973,1
RIPOR1,0.212881183,1
RNASE1,0.267434319,1
RNASET2,0.143248535,1
RNF122,0.631155257,1
RNF167,0.581744326,1
RNF181,0.824260182,1
RNF187,0.040987667,1
RNF213,0.400464929,1
RNF220,0.717977382,1
RNH1,0.221752774,1
RNPEPL1,0.144013322,1
ROMO1,0.338148935,1
RPL36AL,0.029049259,1
RPL39L,0.23547272,1
RPL7L1,0.785341648,1
RPN1,0.74463193,1
RPN2,0.084726238,1
RPS19BP1,0.642262199,1
RPS6KA5,0.044445515,1
RPS6KB2,0.749177312,1
RRAS,0.134834597,1
RRBP1,0.279139737,1
RRP1,0.378016467,1
RRP7A,0.485799002,1
RSL1D1,0.334915087,1
RSRC2,0.44603497,1
RTFDC1,0.36849228,1
RTL8C,0.662562061,1
RTN3,0.073695243,1
RTN4,0.907250746,1
RUNX1,0.64108151,1
RUSC1,0.66009989,1
RXRB,0.467496365,1
S100A10,0.614335214,1
S100A11,0.037232755,1
S100A13,0.278861492,1
S100A16,0.259119679,1
S100A4,0.128659603,1
SAMD1,0.420126383,1
SAMHD1,0.096218392,1
SAP30BP,0.139786094,1
SAR1A,0.757614948,1
SARAF,0.410930384,1
SAT1,0.690304099,1
SBNO2,0.755094046,1
SCAMP2,0.865540039,1
SCAMP3,0.947795622,1
SCAMP4,0.581367996,1
SCAND1,0.683867108,1
SCAP,0.360915333,1
SCARB2,0.600288872,1
SCO2,0.023637812,1
SCYL3,0.153368127,1
SDC1,0.013183294,1
SDC3,0.700691358,1
SDC4,0.132466872,1
SDCBP,0.798074271,1
SDF4,0.557898656,1
SDHA,0.450226674,1
SEC11A,0.208756389,1
SEC16A,0.671670504,1
SEC24D,0.578815,1
SEC31A,0.633829335,1
SEC61A1,0.638271911,1
SEC61B,0.881940056,1
SEC61G,0.470814868,1
SELENOM,0.260976516,1
SELENON,0.649263342,1
SELENOP,0.122255015,1
SELENOW,0.170963366,1
SEM1,0.261551226,1
SEMA3B,0.718385315,1
SENP7,0.207751902,1
11-Sep,0.348121227,1
2-Sep,0.153150077,1
9-Sep,0.364979713,1
SERBP1,0.204906736,1
SERF2,0.281372915,1
SERINC2,0.573381268,1
SERINC3,0.671946953,1
SERPINA1,0.050757019,1
SERPINB1,0.081673492,1
SERPINB6,0.687784689,1
SERPINF1,0.762898612,1
SERPING1,0.370637786,1
SERPINH1,0.0146297,1
SET,0.70737079,1
SF1,0.709164307,1
SF3B1,0.20293902,1
SF3B2,0.444744554,1
SF3B3,0.016212158,1
SF3B5,0.69965509,1
SFN,0.304182757,1
SFPQ,0.018412201,1
SFRP2,0.277073285,1
SFT2D2,0.686960846,1
SH3BGRL3,0.05020156,1
SH3GL1,0.410629385,1
SH3GLB2,0.262395491,1
SHC1,0.609068834,1
SHC2,0.214936281,1
SHISA5,0.484365939,1
SHMT2,0.227367044,1
SIGIRR,0.536910414,1
SIPA1,0.547356407,1
SIRT2,0.269376314,1
SIVA1,0.510937691,1
SLC12A7,0.684386172,1
SLC12A9,0.532213887,1
SLC15A3,0.654774857,1
SLC16A3,0.283057154,1
SLC1A5,0.48460865,1
SLC20A1,0.688265401,1
SLC25A11,0.868253943,1
SLC25A39,0.054478991,1
SLC25A5,0.778066292,1
SLC25A6,0.307257652,1
SLC2A1,0.570229453,1
SLC2A4,0.213478614,1
SLC2A4RG,0.575693584,1
SLC30A7,0.027356794,1
SLC38A10,0.023467081,1
SLC38A2,0.317573612,1
SLC39A1,0.274461223,1
SLC39A13,0.678372092,1
SLC43A2,0.843440606,1
SLC44A2,0.538721661,1
SLC44A4,0.346280633,1
SLC9A3R1,0.267171016,1
SLCO1B1,0.806411403,1
SLIRP,0.766605261,1
SLPI,0.304680082,1
SMAD2,0.754358405,1
SMAP2,0.695035822,1
SMARCA4,0.130756404,1
SMARCD2,0.097504516,1
SMCHD1,0.696601172,1
SMDT1,0.190073066,1
SMG1,0.416330736,1
SMIM29,0.148563208,1
SMTN,0.299749925,1
SMURF1,0.218377445,1
SNF8,0.530805485,1
SNRNP200,0.535358399,1
SNRNP70,0.77251575,1
SNRPB,0.55321026,1
SNRPD2,0.114307641,1
SNU13,0.161730405,1
SNX17,0.159217848,1
SNX5,0.239519564,1
SNX6,0.451682088,1
SOD1,0.301732617,1
SOD3,0.522220063,1
SON,0.566797889,1
SORBS3,0.83079836,1
SOX4,0.467888258,1
SOX9,0.470125186,1
SPARCL1,0.153642353,1
SPATS2L,0.69987306,1
SPCS2,0.392665405,1
SPCS3,0.328044098,1
SPG7,0.151003031,1
SPINK1,0.11965096,1
SPINT1,0.388313635,1
SPOCK2,0.244990988,1
SPP1,0.019772964,1
SPPL2B,0.62059769,1
SPPL3,0.112300213,1
SPTAN1,0.359913617,1
SPTBN1,0.16688998,1
SQSTM1,0.382891706,1
SREBF2,0.800969548,1
SRGN,0.398962063,1
SRM,0.492538062,1
SRP14,0.435781307,1
SRRM1,0.413617404,1
SRRM2,0.655730979,1
SRRT,0.77823924,1
SRSF2,0.266411364,1
SRSF3,0.695934324,1
SRSF4,0.134271152,1
SRSF5,0.059926479,1
SRSF9,0.025303589,1
SSBP4,0.593610416,1
SSC5D,0.818525324,1
SSNA1,0.549777365,1
SSR2,0.098917702,1
SSR3,0.120108317,1
SSR4,0.260763749,1
SSRP1,0.583586645,1
SSU72,0.277663106,1
ST13,0.800795205,1
ST14,0.316660668,1
ST5,0.141911209,1
STAB1,0.337990759,1
STAG2,0.504001337,1
STARD7,0.088893232,1
STAT1,0.60616082,1
STAT2,0.539021476,1
STAT6,0.420595451,1
STIM1,0.545625416,1
STIP1,0.228707659,1
STK11,0.651571125,1
STOM,0.666751987,1
STT3B,0.526183926,1
STUB1,0.512538566,1
STX4,0.863024371,1
SULF1,0.295140911,1
SULF2,0.104511091,1
SUMF2,0.74280711,1
SUN2,0.215917599,1
SUPT16H,0.788492934,1
SUPT5H,0.884083051,1
SUPT6H,0.497824113,1
SURF4,0.856043761,1
SYF2,0.172456616,1
SYMPK,0.560938592,1
SYNGR2,0.045638751,1
SYNPO2,0.172695487,1
SZRD1,0.17691696,1
TACSTD2,0.070025149,1
TAF10,0.363967092,1
TAGLN2,0.541434652,1
TAOK2,0.260323263,1
TAX1BP3,0.660653146,1
TBC1D2B,0.243087456,1
TBCB,0.698677913,1
TBCD,0.548177563,1
TBL1XR1,0.050626455,1
TBRG4,0.837271578,1
TCF25,0.88681068,1
TCF4,0.288133074,1
TCN1,0.129724473,1
TCN2,0.574047339,1
TECR,0.699320966,1
TESC,0.463568297,1
TFE3,0.187291913,1
TGFB1,0.017859192,1
TGFB1I1,0.084470366,1
TGFBI,0.317063079,1
TGM2,0.100623668,1
THBS1,0.351139574,1
THY1,0.078979235,1
TIMM13,0.635519774,1
TIMM17B,0.657371722,1
TIMP2,0.159034146,1
TIMP3,0.615967122,1
TINAGL1,0.443861193,1
TKT,0.724244096,1
TLN1,0.890135092,1
TM9SF2,0.509791501,1
TM9SF3,0.612189583,1
TMA7,0.651682729,1
TMBIM6,0.848909265,1
TMC6,0.269534195,1
TMED10,0.300238781,1
TMED2,0.052488048,1
TMED3,0.129730729,1
TMED9,0.955130282,1
TMEM109,0.736717801,1
TMEM120A,0.392363619,1
TMEM123,0.519279726,1
TMEM147,0.165125827,1
TMEM173,0.681069026,1
TMEM176A,0.820032858,1
TMEM176B,0.147199221,1
TMEM179B,0.335996528,1
TMEM205,0.550514706,1
TMEM208,0.790381571,1
TMEM214,0.34633168,1
TMEM219,0.381641588,1
TMEM222,0.630873904,1
TMEM258,0.171500756,1
TMEM259,0.782951057,1
TMEM54,0.639961181,1
TMEM59,0.144284431,1
TMEM63A,0.901470336,1
TMEM8A,0.405311075,1
TMSB10,0.023476465,1
TMUB1,0.225563105,1
TMUB2,0.135780969,1
TMX2,0.45104199,1
TNC,0.268142544,1
TNFAIP2,0.390223933,1
TNFRSF12A,0.032527166,1
TNFRSF14,0.698982919,1
TNFRSF1A,0.715000587,1
TNFRSF25,0.109494859,1
TNIP1,0.09527992,1
TNKS1BP1,0.626853307,1
TNRC18,0.763131043,1
TNS1,0.476288134,1
TNXB,0.135561462,1
TOM1,0.583291854,1
TOMM20,0.638793069,1
TOMM7,0.509267402,1
TP53I13,0.451534012,1
TPCN1,0.279638517,1
TPD52L2,0.294052227,1
TPI1,0.366904584,1
TPM1,0.600760173,1
TPM4,0.312900554,1
TPP1,0.409091759,1
TPSB2,0.102546797,1
TPT1,0.022976027,1
TRABD,0.659784638,1
TRAF4,0.659327727,1
TRAM1,0.037432797,1
TRAPPC1,0.544513778,1
TRAPPC2L,0.572586447,1
TRIB1,0.028451076,1
TRIM28,0.112279704,1
TRIM47,0.697992835,1
TRIM56,0.425228687,1
TRIO,0.240145339,1
TRIOBP,0.701307237,1
TRIP10,0.187921489,1
TRIP6,0.087196123,1
TRIR,0.881180605,1
TRMT112,0.297547031,1
TRPC4AP,0.024666194,1
TSC2,0.622017983,1
TSC22D3,0.52919106,1
TSHZ2,0.259697928,1
TSKU,0.504208479,1
TSPAN14,0.665006663,1
TSPAN3,0.015888174,1
TSPAN4,0.050283295,1
TSPO,0.330647072,1
TSTA3,0.140132591,1
TTYH3,0.830579729,1
TUBA1A,0.120836309,1
TUBA1B,0.02698288,1
TUBA1C,0.53421684,1
TUBB4B,0.264846583,1
TUBGCP2,0.725508129,1
TUBGCP6,0.074419074,1
TUFM,0.386098951,1
TWF2,0.589233527,1
TXLNA,0.346475283,1
TXN2,0.492225091,1
TXNIP,0.160171432,1
TYROBP,0.276414009,1
U2AF2,0.324349318,1
UBA1,0.45871289,1
UBALD2,0.264633213,1
UBB,0.524205846,1
UBC,0.085293959,1
UBE2G2,0.396502386,1
UBE2I,0.658978509,1
UBE2J2,0.385429018,1
UBE2L3,0.664387858,1
UBE2L6,0.227209189,1
UBE2M,0.049316593,1
UBE2R2,0.335382466,1
UBE2S,0.892542273,1
UBE2Z,0.049700967,1
UBL5,0.72167035,1
UBTF,0.511485877,1
UBXN6,0.484538291,1
UCP2,0.722724391,1
UFD1,0.378584887,1
UNC45A,0.563462861,1
UNC93B1,0.976041583,1
UPP1,0.150595223,1
UQCR10,0.255468132,1
UQCR11,0.517165201,1
UQCRC1,0.123712564,1
UQCRH,0.264743768,1
UQCRQ,0.565798075,1
USF2,0.550959587,1
USP22,0.342355517,1
USP36,0.413409048,1
VAMP2,0.089846843,1
VAMP3,0.258387919,1
VAMP5,0.895293502,1
VAMP8,0.623037505,1
VAPA,0.586968316,1
VASP,0.176719253,1
VAT1,0.231329231,1
VCAN,0.506082684,1
VCL,0.808772002,1
VCP,0.487813725,1
VGLL4,0.666611423,1
VIM,0.022780536,1
VKORC1,0.448257037,1
VMP1,0.052663829,1
VPS25,0.78475773,1
VPS28,0.400032642,1
VPS37B,0.460408493,1
VPS4A,0.806560391,1
VPS51,0.715806046,1
VSIR,0.020310187,1
VSTM4,0.589988457,1
VWA1,0.52562878,1
VWF,0.029744443,1
WAC,0.272085339,1
WARS,0.015671411,1
WASF2,0.255129751,1
WASHC1,0.668148477,1
WDR1,0.469771663,1
WDR13,0.590019815,1
WDR34,0.44015978,1
WDR46,0.41970712,1
WDR6,0.440626775,1
WDR82,0.521301839,1
WDR83OS,0.234565577,1
WDTC1,0.819204783,1
WIPF1,0.208709506,1
WIPI2,0.747102037,1
WNK1,0.240795112,1
WSB1,0.926722858,1
XPO1,0.767090987,1
XRCC6,0.853234618,1
YBX1,0.274796053,1
YIF1B,0.622502437,1
YIPF2,0.257673598,1
YIPF3,0.080842866,1
YIPF4,0.205045501,1
YPEL3,0.446780506,1
YWHAB,0.08673284,1
YWHAE,0.955194917,1
YWHAQ,0.869708075,1
YWHAZ,0.219013693,1
YY1AP1,0.639899073,1
ZBTB7A,0.075461153,1
ZCCHC24,0.573633651,1
ZDHHC5,0.578865421,1
ZDHHC9,0.256187458,1
ZFP36,0.260393013,1
ZFP36L1,0.276637642,1
ZFP36L2,0.211328998,1
ZMIZ2,0.636835165,1
ZNF207,0.675746777,1
ZNF358,0.671113139,1
ZNF579,0.34955048,1
ZNF655,0.188259192,1
ZNF703,0.582762701,1
ZNF787,0.826395986,1
ZNF83,0.085810255,1
ZNF90,0.195489657,1
ZNHIT1,0.386388767,1
ZSWIM8,0.723962071,1
ZYX,0.046878053,1
