EEF1A1,5.55E-17,3.49E-13
EGR1,5.55E-17,3.49E-13
BGN,1.11E-16,4.66E-13
ELF3,2.22E-16,6.99E-13
COMP,8.88E-16,2.24E-12
ATP5E,5.77E-15,1.21E-11
ANXA4,7.64E-14,1.25E-10
CEACAM6,7.93E-14,1.25E-10
CST3,2.12E-13,2.96E-10
CAVIN1,8.32E-13,1.05E-09
AGR2,1.05E-12,1.20E-09
AEBP1,1.17E-12,1.23E-09
DPEP1,1.69E-12,1.64E-09
CXCL14,9.72E-12,8.74E-09
CSTB,3.52E-11,2.95E-08
DMBT1,7.61E-11,5.99E-08
ATF3,2.34E-10,1.64E-07
C11orf96,2.24E-10,1.64E-07
AXL,9.37E-10,6.21E-07
DUSP1,1.36E-09,8.59E-07
BTG2,6.24E-09,3.28E-06
C3,6.00E-09,3.28E-06
CD63,6.25E-09,3.28E-06
DDIT4,5.58E-09,3.28E-06
EFNA1,7.73E-09,3.89E-06
APOD,1.52E-08,7.38E-06
EEF2,1.92E-08,8.96E-06
COL6A2,2.52E-08,1.13E-05
ATP1B1,3.15E-08,1.37E-05
C4A,3.53E-08,1.48E-05
CTGF,7.89E-08,3.20E-05
CTSD,9.16E-08,3.60E-05
C4B,1.04E-07,3.98E-05
ARHGDIA,1.18E-07,4.26E-05
COL1A1,1.18E-07,4.26E-05
BHLHE40,1.31E-07,4.59E-05
C7,1.54E-07,5.24E-05
ADAMTS4,3.20E-07,0.000106089
B2M,5.01E-07,0.000161519
DPCR1,7.11E-07,0.000223809
COL3A1,8.26E-07,0.000253655
ENG,9.86E-07,0.000295366
ECM1,2.14E-06,0.00062722
CD74,3.23E-06,0.000924638
APBB3,4.56E-06,0.00127591
CLU,4.94E-06,0.001351679
ADAMTS1,5.24E-06,0.001401905
CD68,5.71E-06,0.001496333
BTF3,6.83E-06,0.001750145
C4orf48,6.95E-06,0.001750145
CU639417.2,7.86E-06,0.001940049
ACTG1,9.21E-06,0.002229807
ATP6AP1,1.02E-05,0.002418839
DPP7,1.14E-05,0.002658822
DEK,1.25E-05,0.00286299
ANXA2,1.35E-05,0.003032575
CD55,1.37E-05,0.003032575
ALDH1A1,1.56E-05,0.003386882
EEF1B2,1.60E-05,0.003406194
ATP5EP2,1.75E-05,0.003666205
ACTB,2.00E-05,0.004132195
ARPC5,2.06E-05,0.004177955
ENO1,2.14E-05,0.004265685
CLDN18,2.50E-05,0.00490674
CYR61,3.28E-05,0.006358004
AKR1B10,4.09E-05,0.007797701
C11orf58,8.10E-05,0.014782398
CHPF,8.07E-05,0.014782398
DCN,8.04E-05,0.014782398
DAB2IP,9.56E-05,0.017194202
COL1A2,0.000104124,0.018456706
CST1,0.000113439,0.019828537
DNAJC5,0.000120006,0.020689211
CCDC85B,0.000125946,0.021419783
COL18A1,0.000158305,0.02656419
CBR1,0.000160665,0.026605362
CRISPLD2,0.000172158,0.028138409
BEST1,0.000183921,0.029675562
CSRNP1,0.000197282,0.031052686
DUSP2,0.000197391,0.031052686
CANT1,0.000203663,0.031643772
AGT,0.000215339,0.033049943
ADAMTSL2,0.000301472,0.045712049
DOCK7,0.0004434,0.066432188
DDR1,0.000449904,0.066613646
AGPAT2,0.000475376,0.069566705
AZGP1,0.00052932,0.075756244
COL17A1,0.000529711,0.075756244
ANKRD37,0.000663931,0.093884769
ATP5G3,0.000766927,0.1072442
ANXA10,0.000807971,0.111742084
DTX3,0.000857854,0.116089482
EGR3,0.000854611,0.116089482
ARFRP1,0.000962618,0.128880813
ANKRD9,0.000986523,0.130691006
ABL1,0.001005387,0.131802734
CMPK1,0.001028872,0.132661716
CRIP2,0.00103518,0.132661716
EIF4G2,0.001043563,0.132661716
CA9,0.001098974,0.136939299
CSTA,0.001092969,0.136939299
CD248,0.001118843,0.138048346
ENPP2,0.001242508,0.151818334
EFEMP2,0.001451122,0.175603317
COX7A2,0.001466107,0.175726971
CFB,0.001483555,0.176140813
EEF1D,0.001667729,0.196157027
AKAP12,0.001799895,0.209724579
COX7C,0.001828715,0.209724579
DHCR24,0.001833073,0.209724579
BIK,0.001862741,0.210444015
C1S,0.001872804,0.210444015
CAST,0.001992259,0.221885767
COL4A2,0.002098321,0.231648396
CCNG2,0.002479755,0.271377056
C17orf62,0.002569069,0.276345361
CEACAM7,0.002563597,0.276345361
EPCAM,0.002613803,0.278774513
CDKN1A,0.002873047,0.303849134
EIF3G,0.00292142,0.305059994
ELL2,0.002932976,0.305059994
ADSS,0.002974306,0.306823058
CBX7,0.003190445,0.318671234
CD4,0.003172406,0.318671234
CHCHD2,0.003160584,0.318671234
CLDN4,0.003125901,0.318671234
EMILIN1,0.003273015,0.324344444
CDH1,0.003325364,0.324422978
COX6C,0.003302392,0.324422978
AIP,0.003481052,0.336999585
CLDN11,0.003676035,0.353159184
DDX5,0.003770182,0.359460016
BACE2,0.004224276,0.399726447
AKAP11,0.004747111,0.44584793
C1R,0.004799374,0.44741757
ACVRL1,0.004873452,0.450982794
ARL6IP5,0.005013497,0.460555888
CRYAB,0.005641879,0.514525468
EIF3D,0.005965152,0.540093424
ACO2,0.006472194,0.578374403
CST2,0.006530453,0.578374403
CYSTM1,0.006483827,0.578374403
EML4,0.006571778,0.578374403
BOP1,0.006793314,0.583903777
CCNL1,0.006763545,0.583903777
CLEC11A,0.006728157,0.583903777
CYB5B,0.006866585,0.583903777
ENKD1,0.006844868,0.583903777
CCND3,0.007127119,0.597977611
COPS2,0.007099605,0.597977611
CBX3,0.007397404,0.604534125
CD164,0.007379859,0.604534125
CD52,0.007293469,0.604534125
CNN2,0.007311272,0.604534125
ERN1,0.007456022,0.605393362
BARX1,0.007601334,0.613235671
ATP11A,0.007709085,0.617967163
CST4,0.007859714,0.626054083
CEMIP,0.008267435,0.654388812
CYTH2,0.008328281,0.655084882
CBLB,0.008559873,0.658198664
CNOT11,0.008479786,0.658198664
COL16A1,0.008577064,0.658198664
EPS8L3,0.008554671,0.658198664
C8G,0.009327914,0.711480119
CHD4,0.009583324,0.726557974
BAK1,0.009726311,0.732982953
ECHS1,0.00990404,0.741934045
CREB3,0.010879425,0.810179805
ELK4,0.011052767,0.818246731
ADGRG1,0.012442744,0.894829523
CEBPA,0.012271407,0.894829523
CLIC3,0.012425036,0.894829523
CX3CL1,0.012429886,0.894829523
DTD1,0.012389517,0.894829523
CFD,0.01288257,0.921195972
CNN3,0.013117821,0.927478609
EMP3,0.013058028,0.927478609
ATG10,0.013250434,0.927623083
C1QTNF1,0.013267279,0.927623083
ABCA2,0.013510598,0.929149645
C10orf10,0.013499282,0.929149645
EFHD2,0.013407078,0.929149645
ARHGAP26,0.013725916,0.938827301
CARNS1,0.014020979,0.939629513
CLIC1,0.01411095,0.939629513
DOK4,0.013921627,0.939629513
EEPD1,0.013835026,0.939629513
ERRFI1,0.014073074,0.939629513
ATG9A,0.014450747,0.953675052
BANP,0.014689289,0.953675052
C1orf116,0.014797768,0.953675052
CFH,0.014659635,0.953675052
COL6A3,0.014928097,0.953675052
CUL4A,0.014818098,0.953675052
DCAF11,0.014886363,0.953675052
DNAJC10,0.014585517,0.953675052
DSG2,0.015093512,0.959372567
A2M,0.015542273,0.97634117
EML3,0.015507666,0.97634117
ESYT2,0.015593208,0.97634117
AFTPH,0.015729984,0.9800294
A4GALT,0.582658898,1
AACS,0.388778836,1
AAK1,0.087305571,1
AAMDC,0.634114082,1
AAMP,0.79783605,1
AAR2,0.477780337,1
AARS,0.097116831,1
AATF,0.548738624,1
ABCA3,0.787235423,1
ABCA7,0.259435089,1
ABCA8,0.213975153,1
ABCB8,0.898934849,1
ABCC3,0.064768945,1
ABCC5,0.499154188,1
ABCF1,0.339548222,1
ABCF2,0.785105868,1
ABCF3,0.03516076,1
ABCG1,0.17817392,1
ABHD11,0.362236577,1
ABHD12,0.811998215,1
ABHD14A,0.398574184,1
ABHD14B,0.941544987,1
ABHD17A,0.486338644,1
ABHD17C,0.45655119,1
ABHD2,0.579231673,1
ABHD4,0.076973396,1
ABI1,0.267581327,1
ABI2,0.605321022,1
ABL2,0.228274971,1
ABLIM1,0.557975459,1
ABO,0.063979784,1
ABR,0.092516509,1
ABTB1,0.749341536,1
AC004556.1,0.632186942,1
AC007325.4,0.820620457,1
AC126755.2,0.797370449,1
AC136616.1,0.336944063,1
AC138969.1,0.968002054,1
ACAA1,0.387958234,1
ACAA2,0.261206288,1
ACACA,0.81297235,1
ACAD9,0.89521168,1
ACADS,0.221704938,1
ACADVL,0.256689683,1
ACAP3,0.146228515,1
ACAT2,0.410679295,1
ACBD3,0.059513906,1
ACD,0.427621123,1
ACE,0.273697442,1
ACIN1,0.476910365,1
ACKR3,0.32851295,1
ACLY,0.7158365,1
ACOT13,0.683279005,1
ACOT7,0.200094441,1
ACOT8,0.461655017,1
ACOT9,0.369263088,1
ACOX1,0.107326253,1
ACP1,0.453789686,1
ACP2,0.32092241,1
ACP5,0.269729444,1
ACSF2,0.137398435,1
ACSF3,0.73254439,1
ACSL1,0.509002778,1
ACSL3,0.197691052,1
ACSL5,0.499618279,1
ACSS1,0.67666523,1
ACSS2,0.441457088,1
ACTA2,0.133382167,1
ACTN1,0.265433452,1
ACTN4,0.580504911,1
ACTR1A,0.169308178,1
ACTR1B,0.573967894,1
ACTR2,0.027837825,1
ACTR3,0.185385326,1
ADA2,0.043489371,1
ADAM10,0.766467694,1
ADAM15,0.176987675,1
ADAM28,0.761981808,1
ADAM33,0.285655609,1
ADAM8,0.714417363,1
ADAM9,0.841905345,1
ADAMTS10,0.029987277,1
ADAMTS15,0.360244589,1
ADAMTS2,0.640612896,1
ADAMTSL4,0.025662768,1
ADAP1,0.487402008,1
ADAR,0.102274722,1
ADCK2,0.393592302,1
ADCK5,0.584100296,1
ADCY4,0.460743983,1
ADCY6,0.466610041,1
ADD1,0.384661512,1
ADD3,0.551197584,1
ADGRA2,0.101958062,1
ADGRA3,0.494425661,1
ADGRB2,0.39916906,1
ADGRE5,0.148251002,1
ADGRF5,0.169020474,1
ADGRL1,0.727589758,1
ADH5,0.243171437,1
ADI1,0.527123852,1
ADIPOR1,0.338444543,1
ADIPOR2,0.823222005,1
ADIRF,0.041894764,1
ADM2,0.086300669,1
ADNP,0.672017996,1
ADORA1,0.674197416,1
ADPRHL2,0.073812987,1
ADRA2A,0.619582847,1
ADRM1,0.266922953,1
AEN,0.635555577,1
AES,0.125456933,1
AFAP1,0.255782265,1
AFDN,0.547725134,1
AFF1,0.326246509,1
AFF4,0.655906858,1
AFG3L2,0.471587015,1
AGAP3,0.209367892,1
AGBL5,0.30500039,1
AGFG1,0.343267475,1
AGFG2,0.483798219,1
AGO1,0.346358404,1
AGPAT1,0.299182512,1
AGPAT3,0.272438518,1
AGRN,0.264462356,1
AGTRAP,0.689964106,1
AHCY,0.702977659,1
AHCYL1,0.741202261,1
AHCYL2,0.376185935,1
AHDC1,0.198353659,1
AHI1,0.206640659,1
AHNAK,0.571031959,1
AHNAK2,0.107430734,1
AHR,0.431967493,1
AHSA1,0.56039678,1
AHSA2,0.026762005,1
AIDA,0.31488951,1
AIMP1,0.743781575,1
AK1,0.574871454,1
AK2,0.724590445,1
AKAP1,0.208589658,1
AKAP13,0.547503074,1
AKAP8,0.35737201,1
AKAP8L,0.727584862,1
AKAP9,0.903401872,1
AKNA,0.207000035,1
AKR1A1,0.62603859,1
AKR1B1,0.966815674,1
AKR1C1,0.291223306,1
AKR1C2,0.509695645,1
AKR1C3,0.602919198,1
AKR7A2,0.102263705,1
AKR7A3,0.050599036,1
AKT1,0.356808431,1
AKT1S1,0.017802456,1
AKT2,0.459474635,1
AKT3,0.208035021,1
AKTIP,0.294006298,1
AL513523.10,0.191729872,1
ALCAM,0.594735324,1
ALDH18A1,0.182672386,1
ALDH1A3,0.092346031,1
ALDH1B1,0.159364349,1
ALDH2,0.489868534,1
ALDH3A2,0.860130275,1
ALDH3B1,0.406399042,1
ALDH7A1,0.075311196,1
ALDH9A1,0.616996009,1
ALDOA,0.061448838,1
ALDOC,0.714876432,1
ALG1,0.429745498,1
ALG13,0.04689986,1
ALG2,0.413856967,1
ALG3,0.391705021,1
ALG5,0.061298775,1
ALKBH5,0.391679465,1
ALKBH7,0.652509029,1
ALOX5AP,0.500006097,1
ALS2CL,0.423280319,1
ALYREF,0.143026316,1
AMDHD2,0.509623101,1
AMFR,0.245561418,1
AMN,0.122716273,1
AMOTL1,0.516900011,1
AMPD2,0.294670194,1
AMY2B,0.053515151,1
ANAPC11,0.043480345,1
ANAPC16,0.21597898,1
ANAPC2,0.443057662,1
ANAPC5,0.02974235,1
ANAPC7,0.57430196,1
ANG,0.883997429,1
ANGPTL2,0.066313197,1
ANGPTL4,0.142519259,1
ANKH,0.033516736,1
ANKLE2,0.342060592,1
ANKMY1,0.318631055,1
ANKRD10,0.667941678,1
ANKRD11,0.062531725,1
ANKRD13A,0.285484998,1
ANKRD13B,0.849826821,1
ANKRD13D,0.602887905,1
ANKRD17,0.062715466,1
ANKRD36,0.056446757,1
ANKRD36B,0.416354499,1
ANKRD36C,0.046971573,1
ANKRD45,0.191270908,1
ANKRD52,0.589780231,1
ANKRD65,0.431341873,1
ANKS3,0.136352564,1
ANKZF1,0.44057854,1
ANO1,0.470643214,1
ANO7,0.461248773,1
ANO9,0.276485207,1
ANP32A,0.443590247,1
ANP32B,0.18371785,1
ANPEP,0.017488608,1
ANTXR1,0.410357384,1
ANTXR2,0.249299062,1
ANXA1,0.341303417,1
ANXA11,0.974086856,1
ANXA5,0.568716142,1
ANXA6,0.173940535,1
ANXA8,0.628853208,1
ANXA8L1,0.134412229,1
AOC1,0.315078353,1
AOC3,0.316517426,1
AP1B1,0.304557728,1
AP1G2,0.639417449,1
AP1M1,0.763743759,1
AP1M2,0.789731638,1
AP1S1,0.293922392,1
AP2A1,0.786422895,1
AP2A2,0.49587166,1
AP2B1,0.865077239,1
AP2M1,0.873028109,1
AP2S1,0.182958658,1
AP3D1,0.316278452,1
AP3S2,0.498012793,1
AP4B1,0.320157915,1
AP4M1,0.01758494,1
AP5Z1,0.494696505,1
APBB1,0.132892249,1
APBB2,0.374045896,1
APCDD1,0.036131726,1
APEH,0.211786216,1
APEX1,0.643637627,1
APH1A,0.481131395,1
APLP2,0.536977887,1
APMAP,0.529084107,1
APOBEC3C,0.741602593,1
APOE,0.527071164,1
APOL1,0.100959909,1
APOL2,0.156873056,1
APOL3,0.70345314,1
APOL4,0.989195541,1
APOL6,0.389487442,1
APOPT1,0.791173731,1
APP,0.016689509,1
APRT,0.073361467,1
APTX,0.116797393,1
AQP1,0.05645494,1
AQP5,0.153189027,1
ARAF,0.485143826,1
ARAP1,0.392015879,1
ARAP3,0.860576032,1
ARCN1,0.747735323,1
AREL1,0.198736096,1
ARF1,0.30443837,1
ARF3,0.066440192,1
ARF4,0.314298839,1
ARF6,0.229329684,1
ARFGAP1,0.551803391,1
ARFGAP2,0.514283186,1
ARFGEF1,0.203845991,1
ARFIP2,0.062233803,1
ARGLU1,0.290386942,1
ARHGAP1,0.385486851,1
ARHGAP12,0.038292386,1
ARHGAP21,0.649377655,1
ARHGAP23,0.537296721,1
ARHGAP27,0.057966782,1
ARHGAP30,0.132357534,1
ARHGAP32,0.526778065,1
ARHGAP35,0.402625794,1
ARHGAP4,0.053795089,1
ARHGAP45,0.045789849,1
ARHGAP5,0.644058117,1
ARHGDIB,0.372032933,1
ARHGEF1,0.487060787,1
ARHGEF10L,0.643503668,1
ARHGEF11,0.541775548,1
ARHGEF12,0.570151523,1
ARHGEF16,0.46027195,1
ARHGEF17,0.500537677,1
ARHGEF2,0.811815268,1
ARHGEF40,0.230884559,1
ARHGEF5,0.018708177,1
ARHGEF7,0.546283542,1
ARID1B,0.113354974,1
ARID4B,0.396402478,1
ARID5A,0.300310414,1
ARID5B,0.4817479,1
ARIH1,0.513594331,1
ARIH2,0.653440102,1
ARL1,0.038998478,1
ARL14,0.567027682,1
ARL16,0.193927538,1
ARL2,0.134809225,1
ARL3,0.066378261,1
ARL4C,0.496098791,1
ARL5B,0.056876741,1
ARL6IP1,0.032943631,1
ARL8A,0.643774839,1
ARL8B,0.664030617,1
ARMC10,0.410950215,1
ARMC6,0.293571887,1
ARMCX3,0.320454019,1
ARMCX6,0.761029202,1
ARNT,0.537906477,1
ARPC1A,0.537950467,1
ARPC1B,0.432975557,1
ARPC2,0.710551161,1
ARPC3,0.269427651,1
ARPC4,0.714691681,1
ARPC5L,0.756551771,1
ARPP19,0.578079847,1
ARRB1,0.497289847,1
ARRB2,0.500256323,1
ARRDC1,0.472156116,1
ARRDC2,0.273880401,1
ARRDC3,0.206701633,1
ARSA,0.852446598,1
ARSD,0.065845063,1
ARSE,0.223641476,1
ASAH1,0.386297293,1
ASAP1,0.065273477,1
ASAP2,0.383354892,1
ASB1,0.321537398,1
ASB13,0.690458131,1
ASB6,0.989342805,1
ASCC2,0.21836975,1
ASH1L,0.746964644,1
ASL,0.20785799,1
ASMTL,0.317567687,1
ASNA1,0.483409195,1
ASPH,0.096446774,1
ASPHD1,0.612807951,1
ASPSCR1,0.69202725,1
ASRGL1,0.170552292,1
ASS1,0.046189094,1
ASXL1,0.954260644,1
ATAD3A,0.799929295,1
ATAD3B,0.476730604,1
ATF4,0.900821313,1
ATF5,0.681390746,1
ATF6,0.113929161,1
ATG12,0.869572868,1
ATG13,0.761671946,1
ATG2A,0.719134279,1
ATG4B,0.127862008,1
ATG4D,0.450588474,1
ATG7,0.789002916,1
ATIC,0.694436573,1
ATM,0.511034956,1
ATN1,0.089321742,1
ATOX1,0.457591243,1
ATP13A1,0.689787315,1
ATP13A2,0.25990931,1
ATP1A1,0.028472514,1
ATP1B3,0.021102856,1
ATP2A2,0.134927787,1
ATP2A3,0.058814417,1
ATP2B4,0.341868339,1
ATP2C1,0.107149262,1
ATP2C2,0.412774755,1
ATP5A1,0.656273638,1
ATP5B,0.373197896,1
ATP5C1,0.17239287,1
ATP5D,0.163411688,1
ATP5F1,0.140342416,1
ATP5G1,0.018233131,1
ATP5G2,0.169264216,1
ATP5H,0.272216401,1
ATP5I,0.10078612,1
ATP5J,0.238788316,1
ATP5J2,0.54109919,1
ATP5L,0.345205796,1
ATP5L2,0.018761054,1
ATP5O,0.71805925,1
ATP6AP2,0.247047533,1
ATP6V0A1,0.359826491,1
ATP6V0B,0.765628352,1
ATP6V0D1,0.758240895,1
ATP6V0E1,0.836173087,1
ATP6V0E2,0.1789238,1
ATP6V1B2,0.453513776,1
ATP6V1E1,0.419899282,1
ATP6V1F,0.507306394,1
ATP6V1G1,0.032197421,1
ATP8B1,0.145735238,1
ATP9A,0.843026737,1
ATPAF1,0.305366484,1
ATPIF1,0.020328648,1
ATRAID,0.298398316,1
ATRX,0.319138299,1
ATXN10,0.554392615,1
ATXN2,0.735973382,1
ATXN2L,0.252914635,1
ATXN7,0.784149745,1
ATXN7L3B,0.693184334,1
AUP1,0.609801723,1
AURKAIP1,0.276214868,1
AVL9,0.69715201,1
AVPI1,0.171862468,1
AXIN1,0.37469405,1
B3GALT4,0.358026409,1
B3GALT5,0.341375332,1
B3GAT3,0.038926856,1
B3GNT3,0.081332556,1
B3GNT7,0.74533353,1
B4GALNT3,0.08291503,1
B4GALT1,0.25519068,1
B4GALT2,0.584383284,1
B4GALT3,0.837932027,1
B4GALT5,0.289322779,1
B4GALT7,0.278875157,1
B4GAT1,0.544933598,1
BABAM1,0.120894981,1
BABAM2,0.192230556,1
BACH2,0.722974645,1
BAD,0.208299716,1
BAG1,0.231840549,1
BAG3,0.739927459,1
BAG6,0.608532942,1
BAIAP2,0.811442083,1
BAIAP2L1,0.023383194,1
BAIAP2L2,0.361750087,1
BANF1,0.395528021,1
BAP1,0.739763423,1
BARX2,0.828792851,1
BAX,0.4965142,1
BAZ1B,0.157242356,1
BAZ2A,0.222796857,1
BAZ2B,0.160942899,1
BCAM,0.217929724,1
BCAP31,0.21041951,1
BCAR1,0.702412219,1
BCAS1,0.43633882,1
BCAS4,0.060636369,1
BCAT2,0.033234088,1
BCKDK,0.852465128,1
BCL10,0.046310078,1
BCL2L1,0.305677834,1
BCL2L13,0.339062249,1
BCL2L15,0.115580751,1
BCL3,0.559728264,1
BCL6,0.118498794,1
BCL7C,0.092225526,1
BCL9L,0.609078806,1
BCR,0.459866722,1
BCS1L,0.446466415,1
BDH1,0.717468322,1
BDH2,0.028005248,1
BECN1,0.630692493,1
BET1L,0.06794774,1
BEX3,0.522286852,1
BFAR,0.24940135,1
BICC1,0.036885706,1
BICDL2,0.850962239,1
BID,0.708965641,1
BIN1,0.024371557,1
BIN3,0.331899179,1
BIRC2,0.586294027,1
BIRC3,0.805073542,1
BIRC6,0.720962892,1
BIRC7,0.295485404,1
BLCAP,0.649461308,1
BLMH,0.541932817,1
BLOC1S1,0.275212191,1
BLVRB,0.367676358,1
BMP1,0.817220734,1
BMPR2,0.341281099,1
BMS1,0.410662564,1
BNIP3L,0.82935538,1
BOC,0.641898732,1
BOK,0.841570338,1
BOLA2B,0.236558186,1
BORCS8,0.728998154,1
BPNT1,0.145825495,1
BPTF,0.455980975,1
BRAT1,0.124012735,1
BRD2,0.90848926,1
BRD3,0.539047733,1
BRD4,0.681256382,1
BRD8,0.295499829,1
BRD9,0.550518851,1
BRF1,0.402745496,1
BRI3,0.026053729,1
BRI3BP,0.218416865,1
BRK1,0.111423038,1
BRMS1,0.388149775,1
BRSK1,0.481136603,1
BRWD1,0.810173404,1
BSDC1,0.530224644,1
BSG,0.332691658,1
BSPRY,0.405208922,1
BST2,0.482383401,1
BTBD1,0.105029918,1
BTBD2,0.827848294,1
BTG1,0.712751961,1
BTN3A1,0.083102344,1
BTN3A2,0.055616363,1
BUD23,0.643953599,1
BUD31,0.685379169,1
BZW1,0.054679825,1
BZW2,0.093719835,1
C10orf76,0.114107281,1
C11orf24,0.858999964,1
C11orf49,0.441967509,1
C11orf68,0.35764834,1
C12orf10,0.201553606,1
C12orf54,0.532671121,1
C12orf57,0.017697648,1
C14orf166,0.26120946,1
C14orf2,0.729173556,1
C15orf39,0.652453058,1
C15orf40,0.418187383,1
C15orf48,0.028967108,1
C15orf52,0.451311498,1
C16orf58,0.056577085,1
C16orf89,0.152236225,1
C19orf12,0.752068132,1
C19orf24,0.745172474,1
C19orf25,0.114394023,1
C19orf33,0.434095088,1
C19orf48,0.481698149,1
C19orf53,0.321713014,1
C19orf60,0.452452193,1
C19orf66,0.053416482,1
C19orf70,0.164038815,1
C1QA,0.043233376,1
C1QB,0.284741238,1
C1QC,0.802805197,1
C1QTNF2,0.581519117,1
C1RL,0.631439508,1
C1orf122,0.686864728,1
C1orf123,0.945281797,1
C1orf159,0.417317428,1
C1orf186,0.378962279,1
C1orf198,0.959733355,1
C1orf21,0.433711155,1
C1orf35,0.316179933,1
C1orf43,0.155345107,1
C1orf54,0.296467675,1
C1orf56,0.669874506,1
C20orf194,0.692808134,1
C20orf24,0.927858416,1
C20orf27,0.218111523,1
C21orf33,0.678493807,1
C22orf39,0.437152011,1
C2CD2,0.026513704,1
C2CD2L,0.738340909,1
C2CD4B,0.518708685,1
C2orf68,0.548005017,1
C4orf3,0.668939054,1
C5orf15,0.533519777,1
C5orf63,0.266090914,1
C6orf106,0.319861825,1
C6orf47,0.335445569,1
C6orf48,0.658351478,1
C6orf62,0.904883069,1
C6orf89,0.291926444,1
C7orf26,0.295083473,1
C7orf50,0.370225778,1
C7orf73,0.494068502,1
C8orf33,0.336629151,1
C8orf4,0.305244581,1
C8orf59,0.950789554,1
C8orf82,0.027077192,1
C9orf16,0.456953756,1
C9orf3,0.877298062,1
C9orf78,0.435844471,1
CA11,0.44344415,1
CA12,0.043932106,1
CAB39,0.337431908,1
CABIN1,0.5629343,1
CABLES1,0.256611011,1
CACFD1,0.259197204,1
CACNA1A,0.328888505,1
CACNA1D,0.761385982,1
CACNA1H,0.20456328,1
CACNB1,0.159892099,1
CACNB3,0.645342541,1
CAD,0.638492806,1
CADM1,0.36556925,1
CADPS,0.762771407,1
CALCOCO1,0.454803389,1
CALCOCO2,0.593365322,1
CALD1,0.020289826,1
CALHM2,0.872777991,1
CALM1,0.59726339,1
CALM2,0.205404071,1
CALM3,0.270990763,1
CALR,0.132955353,1
CALU,0.274679294,1
CAMK2N1,0.765310789,1
CAMLG,0.266535043,1
CAMSAP3,0.105795344,1
CAMTA1,0.258965765,1
CAMTA2,0.106155797,1
CAND1,0.54899157,1
CANX,0.030693774,1
CAP1,0.18324519,1
CAPG,0.073822943,1
CAPN1,0.266225127,1
CAPN12,0.40368685,1
CAPN2,0.39816337,1
CAPN5,0.405768583,1
CAPN8,0.050218447,1
CAPN9,0.542458409,1
CAPNS1,0.42209947,1
CAPRIN1,0.128429114,1
CAPS,0.731732288,1
CAPZA1,0.15815,1
CAPZA2,0.020629684,1
CAPZB,0.397671362,1
CARD10,0.475023245,1
CARD11,0.567164698,1
CARD19,0.535640135,1
CARHSP1,0.5372877,1
CARM1,0.122252317,1
CARS,0.576943692,1
CARS2,0.176947706,1
CASC3,0.062078161,1
CASC4,0.217087039,1
CASK,0.448955803,1
CASP2,0.462808817,1
CASP9,0.778653384,1
CAT,0.187049812,1
CAV2,0.432710355,1
CAVIN3,0.630425387,1
CBARP,0.398476168,1
CBFA2T3,0.189618483,1
CBFB,0.310184496,1
CBLC,0.488192611,1
CBWD1,0.513300067,1
CBWD2,0.234377088,1
CBWD3,0.13920651,1
CBWD5,0.279712603,1
CBWD6,0.030731737,1
CBX4,0.732156115,1
CBX6,0.607147379,1
CC2D1A,0.625799285,1
CC2D1B,0.05518696,1
CCDC107,0.380237863,1
CCDC12,0.435758724,1
CCDC124,0.09112194,1
CCDC130,0.399293698,1
CCDC152,0.460538777,1
CCDC167,0.071082028,1
CCDC22,0.187134307,1
CCDC24,0.665223974,1
CCDC25,0.883135041,1
CCDC3,0.091426751,1
CCDC43,0.573827187,1
CCDC50,0.725963167,1
CCDC57,0.348982828,1
CCDC80,0.067243612,1
CCDC88B,0.60763866,1
CCDC88C,0.021404551,1
CCDC93,0.580611419,1
CCHCR1,0.584008725,1
CCL19,0.569740402,1
CCM2,0.575478779,1
CCNB1IP1,0.439300864,1
CCND1,0.654337542,1
CCNDBP1,0.657935027,1
CCNI,0.485572102,1
CCNL2,0.476618511,1
CCNY,0.276675475,1
CCS,0.172073836,1
CCT2,0.642630552,1
CCT3,0.919703768,1
CCT4,0.054413441,1
CCT5,0.034118304,1
CCT7,0.383699534,1
CCT8,0.29250645,1
CCZ1,0.599642284,1
CCZ1B,0.909179463,1
CD14,0.113683571,1
CD151,0.224294652,1
CD209,0.50852926,1
CD24,0.023757582,1
CD276,0.436851109,1
CD2AP,0.86071476,1
CD2BP2,0.038249484,1
CD320,0.675641405,1
CD34,0.80550536,1
CD40,0.397942534,1
CD44,0.711559862,1
CD46,0.029765223,1
CD47,0.831444745,1
CD58,0.144219738,1
CD59,0.089834819,1
CD79A,0.292707779,1
CD81,0.084036725,1
CD82,0.275786547,1
CD93,0.210489802,1
CD99,0.127684196,1
CD99L2,0.799490165,1
CDC123,0.617102663,1
CDC14B,0.320573912,1
CDC16,0.320805881,1
CDC25B,0.161370373,1
CDC26,0.028691893,1
CDC27,0.71464498,1
CDC34,0.443286112,1
CDC37,0.667667679,1
CDC42,0.108267987,1
CDC42BPA,0.220331184,1
CDC42BPB,0.403498731,1
CDC42EP1,0.815945997,1
CDC42EP2,0.673879995,1
CDC42EP4,0.319917354,1
CDC42EP5,0.158932012,1
CDC42SE1,0.928815924,1
CDC42SE2,0.969382208,1
CDCA7,0.238659389,1
CDCP1,0.104325401,1
CDH11,0.650445308,1
CDHR2,0.455317779,1
CDHR5,0.279126609,1
CDIPT,0.899174889,1
CDK10,0.115535062,1
CDK11B,0.823562103,1
CDK16,0.937867654,1
CDK18,0.17153608,1
CDK2AP2,0.542307602,1
CDK4,0.804998747,1
CDK5,0.570708568,1
CDK5RAP2,0.68625247,1
CDK5RAP3,0.419411948,1
CDKN1C,0.1451151,1
CDKN2AIPNL,0.802019495,1
CDR2L,0.480671257,1
CDS1,0.786734713,1
CDS2,0.540352214,1
CDV3,0.680766324,1
CEACAM1,0.24602215,1
CEACAM5,0.801628335,1
CEBPB,0.039017528,1
CEBPD,0.273521589,1
CEBPG,0.389602283,1
CELF1,0.219803558,1
CELF5,0.237173785,1
CENPB,0.201240939,1
CENPT,0.83099981,1
CENPX,0.260631987,1
CEP104,0.524449875,1
CEP164,0.210473506,1
CEP170B,0.731799178,1
CEP350,0.467439766,1
CEP41,0.746141066,1
CEP95,0.586127647,1
CERCAM,0.041555005,1
CERS2,0.126062086,1
CERS4,0.679241488,1
CERS5,0.626031314,1
CERS6,0.017747078,1
CES1,0.69846485,1
CES2,0.038412851,1
CES3,0.282927966,1
CETN2,0.266023417,1
CFI,0.417522307,1
CFL1,0.101445691,1
CFLAR,0.581923975,1
CGGBP1,0.309414108,1
CGN,0.501033397,1
CHCHD1,0.037052196,1
CHCHD10,0.233013766,1
CHCHD5,0.792173424,1
CHD1,0.588076727,1
CHD1L,0.324107356,1
CHD2,0.120304883,1
CHD3,0.233223522,1
CHD8,0.607871455,1
CHD9,0.179666043,1
CHDH,0.742399767,1
CHID1,0.160051465,1
CHKA,0.244245404,1
CHKB,0.205683705,1
CHMP1A,0.440661393,1
CHMP1B,0.03592915,1
CHMP2A,0.024802326,1
CHMP2B,0.605889551,1
CHMP3,0.728378536,1
CHMP4B,0.160624178,1
CHMP5,0.227082262,1
CHMP7,0.105304874,1
CHP1,0.250236606,1
CHPF2,0.991354656,1
CHPT1,0.640578924,1
CHRAC1,0.252601382,1
CHSY1,0.395352202,1
CHTF8,0.553440102,1
CHTOP,0.410794686,1
CIAO1,0.064222923,1
CIB1,0.424994134,1
CIC,0.522023469,1
CIITA,0.657047726,1
CILP2,0.020128622,1
CINP,0.468338036,1
CIRBP,0.118768184,1
CISD2,0.797551898,1
CISD3,0.074837953,1
CITED4,0.055339584,1
CIZ1,0.241067233,1
CKAP4,0.176163933,1
CKB,0.367496203,1
CKLF,0.638953772,1
CKMT1A,0.210344098,1
CKMT1B,0.210272155,1
CKS1B,0.034302161,1
CLASP1,0.318387345,1
CLASRP,0.894676389,1
CLCN3,0.198392966,1
CLCN7,0.804767305,1
CLDN1,0.040413725,1
CLDN12,0.468072516,1
CLDN15,0.652008594,1
CLDN3,0.58634774,1
CLDN5,0.039135152,1
CLDN7,0.718220468,1
CLIC4,0.038971148,1
CLINT1,0.057628976,1
CLIP2,0.02179482,1
CLIP3,0.636521993,1
CLK1,0.674701001,1
CLK2,0.902532967,1
CLMN,0.377825653,1
CLN5,0.241362808,1
CLN8,0.893655577,1
CLNS1A,0.461647913,1
CLPP,0.474761072,1
CLPTM1,0.718308459,1
CLPTM1L,0.567582238,1
CLRN3,0.457836561,1
CLSTN1,0.870721078,1
CLSTN3,0.159795348,1
CLTA,0.484697494,1
CLTB,0.893734499,1
CLTC,0.6472514,1
CLUH,0.451074415,1
CMBL,0.678476741,1
CMIP,0.32258967,1
CMTM6,0.349832561,1
CMTM7,0.284915712,1
CMTR1,0.750274121,1
CNBP,0.287785976,1
CNDP2,0.560116468,1
CNIH1,0.037855038,1
CNIH4,0.850685884,1
CNNM3,0.465343046,1
CNOT1,0.520641636,1
CNOT2,0.652148842,1
CNOT3,0.405232382,1
CNOT6,0.952927766,1
CNOT6L,0.098750186,1
CNOT7,0.242042709,1
CNOT9,0.504793073,1
CNP,0.092754151,1
CNPPD1,0.863817906,1
CNPY2,0.624715346,1
CNPY3,0.172718676,1
CNTROB,0.53875369,1
COA3,0.299152176,1
COA4,0.862719865,1
COASY,0.248140998,1
COG2,0.959118826,1
COG4,0.726944481,1
COG7,0.488462745,1
COL10A1,0.217424173,1
COL12A1,0.123861735,1
COL14A1,0.166411243,1
COL15A1,0.282149095,1
COL27A1,0.823224263,1
COL4A1,0.075591778,1
COL5A1,0.058744459,1
COL5A2,0.291999511,1
COL6A1,0.117560941,1
COL7A1,0.618622821,1
COL8A1,0.048941285,1
COLGALT1,0.436002228,1
COLGALT2,0.038010045,1
COMMD1,0.466572074,1
COMMD3,0.30206508,1
COMMD4,0.593154964,1
COMMD5,0.341545339,1
COMMD6,0.726017312,1
COMMD7,0.653248109,1
COMT,0.375718556,1
COMTD1,0.355259187,1
COPA,0.430626817,1
COPB1,0.473239402,1
COPB2,0.840790188,1
COPE,0.971599239,1
COPG1,0.750086637,1
COPRS,0.559923341,1
COPS4,0.946188996,1
COPS5,0.344862857,1
COPS6,0.850342843,1
COPS7A,0.741161558,1
COPS8,0.576464913,1
COPS9,0.649354772,1
COPZ1,0.160295645,1
COPZ2,0.342959425,1
COQ4,0.098374279,1
COQ8A,0.306007985,1
COQ8B,0.367342424,1
COQ9,0.426277793,1
CORO1B,0.726863479,1
CORO1C,0.80695653,1
CORO2A,0.12715315,1
CORO7,0.092025007,1
COTL1,0.308568899,1
COX11,0.931744676,1
COX14,0.506740638,1
COX15,0.224045682,1
COX17,0.203779178,1
COX4I1,0.323795336,1
COX5A,0.228224077,1
COX5B,0.408590641,1
COX6A1,0.078625686,1
COX6B1,0.036374181,1
COX6B2,0.057936893,1
COX7A1,0.330644564,1
COX7B,0.226067618,1
COX8A,0.244510286,1
CPD,0.242175843,1
CPE,0.048745183,1
CPNE1,0.116711846,1
CPNE7,0.200198844,1
CPQ,0.840116903,1
CPSF1,0.446212165,1
CPSF6,0.039287434,1
CPSF7,0.848835395,1
CPT1A,0.348163327,1
CPT1C,0.343670893,1
CPTP,0.310608627,1
CRABP2,0.027015927,1
CRACR2B,0.229862742,1
CRAT,0.630862534,1
CRB3,0.535346747,1
CREB3L1,0.146903106,1
CREB3L2,0.06335281,1
CREBBP,0.733042182,1
CREBL2,0.90423099,1
CREBZF,0.217353709,1
CREG1,0.131697348,1
CRELD1,0.376188159,1
CRELD2,0.190499545,1
CREM,0.548603383,1
CRIM1,0.564848944,1
CRK,0.272332227,1
CRLS1,0.430700112,1
CRNKL1,0.362208496,1
CRTAP,0.084137107,1
CRTC1,0.468024077,1
CRTC2,0.694891651,1
CRTC3,0.599897057,1
CRY2,0.564791443,1
CRYBG2,0.913925444,1
CRYL1,0.478671828,1
CS,0.283096859,1
CSDE1,0.480226255,1
CSE1L,0.045355088,1
CSF1R,0.684853665,1
CSK,0.48233967,1
CSNK1A1,0.14462194,1
CSNK1D,0.07924076,1
CSNK1E,0.139815761,1
CSNK1G2,0.783259585,1
CSNK2A1,0.809925651,1
CSNK2B,0.649223273,1
CSRP1,0.788345209,1
CST5,0.229263127,1
CST6,0.078939183,1
CTAGE5,0.017500067,1
CTBP1,0.431890126,1
CTBP2,0.078767481,1
CTBS,0.848164489,1
CTC1,0.096567475,1
CTDNEP1,0.575233879,1
CTDSP1,0.118426344,1
CTDSP2,0.199678278,1
CTDSPL,0.367834672,1
CTIF,0.061117387,1
CTNNA1,0.582130425,1
CTNNB1,0.55719177,1
CTNNBIP1,0.525812418,1
CTNND1,0.035244857,1
CTSA,0.653372376,1
CTSB,0.372958994,1
CTSC,0.234756964,1
CTSE,0.023382773,1
CTSF,0.189851414,1
CTSH,0.521419476,1
CTSK,0.356037303,1
CTSL,0.848512314,1
CTSS,0.251139669,1
CTSZ,0.184155487,1
CTTN,0.220008111,1
CTU1,0.434545641,1
CUEDC1,0.704487728,1
CUEDC2,0.158904394,1
CUL1,0.440315984,1
CUL3,0.093360849,1
CUL4B,0.600731629,1
CUL7,0.644562761,1
CUL9,0.08259658,1
CUTA,0.111741401,1
CUX1,0.752866933,1
CXCL16,0.567871495,1
CXCL17,0.016743605,1
CXCL2,0.047039398,1
CXCL5,0.863321851,1
CXXC1,0.082337629,1
CXXC5,0.108004359,1
CXorf40A,0.958400067,1
CXorf40B,0.037078726,1
CYB561,0.126128947,1
CYB561A3,0.700891839,1
CYB561D2,0.273310557,1
CYB5A,0.217298153,1
CYB5R1,0.26590765,1
CYB5R2,0.430063745,1
CYB5R3,0.063166165,1
CYBA,0.049380067,1
CYBRD1,0.031256697,1
CYC1,0.651308985,1
CYCS,0.052208474,1
CYFIP1,0.317914328,1
CYFIP2,0.141095482,1
CYGB,0.341442662,1
CYHR1,0.216676233,1
CYP27A1,0.520495428,1
CYP2C9,0.557689576,1
CYP2S1,0.072732931,1
CYP3A5,0.301089884,1
CYP4F11,0.024294886,1
CYP4F12,0.109236997,1
CYP4F3,0.419814722,1
CYP4V2,0.552472433,1
CYTH1,0.441362285,1
CYTH3,0.806909662,1
D2HGDH,0.347322597,1
DAB2,0.629234582,1
DAD1,0.382601265,1
DAG1,0.365186087,1
DALRD3,0.61080752,1
DAP,0.351000026,1
DAP3,0.575163341,1
DAPK1,0.333118996,1
DAPK3,0.064567754,1
DAXX,0.342646893,1
DAZAP1,0.935488221,1
DAZAP2,0.455985788,1
DBI,0.053577169,1
DBN1,0.460561859,1
DBNDD1,0.655272789,1
DBNL,0.166093566,1
DBP,0.42162984,1
DCAF15,0.706552768,1
DCAF6,0.300935286,1
DCAF7,0.623574341,1
DCAF8,0.076579763,1
DCD,0.077335506,1
DCHS1,0.74179473,1
DCP1A,0.744825186,1
DCTD,0.444675492,1
DCTN1,0.257376181,1
DCTN2,0.456459329,1
DCTN3,0.067511069,1
DCTN5,0.632018258,1
DCTPP1,0.185708589,1
DCUN1D3,0.123747891,1
DCUN1D4,0.289289722,1
DCXR,0.26432302,1
DDA1,0.282095621,1
DDAH1,0.508093249,1
DDAH2,0.719441163,1
DDB1,0.869539278,1
DDB2,0.308949143,1
DDI2,0.35221278,1
DDIT3,0.275213241,1
DDOST,0.285525556,1
DDRGK1,0.25956523,1
DDT,0.499796004,1
DDX17,0.039032628,1
DDX18,0.273896215,1
DDX21,0.142331001,1
DDX23,0.672282727,1
DDX24,0.095997023,1
DDX27,0.735030208,1
DDX39A,0.662370642,1
DDX3X,0.04767078,1
DDX41,0.284375728,1
DDX42,0.219624539,1
DDX49,0.557960031,1
DDX54,0.88754952,1
DDX56,0.60321594,1
DDX6,0.336157393,1
DEAF1,0.180491196,1
DECR1,0.170523468,1
DEDD,0.167762477,1
DEDD2,0.396493723,1
DEF6,0.492702457,1
DEF8,0.46154772,1
DEFB1,0.029177587,1
DEGS1,0.626197852,1
DEGS2,0.849218681,1
DENND2D,0.661755911,1
DENND4B,0.537127415,1
DERL1,0.367166358,1
DERL2,0.795626753,1
DERL3,0.362437768,1
DESI1,0.213302937,1
DGAT1,0.058153507,1
DGAT2,0.135382557,1
DGCR6,0.816392833,1
DGCR6L,0.653663154,1
DGCR8,0.872800771,1
DGKA,0.339164054,1
DGKH,0.863007779,1
DGKQ,0.741188881,1
DGKZ,0.813900151,1
DGUOK,0.092792851,1
DHCR7,0.337876093,1
DHDDS,0.243428335,1
DHPS,0.314672634,1
DHRS12,0.149663289,1
DHRS3,0.285852962,1
DHRS4,0.037306896,1
DHRS4L2,0.683150172,1
DHRS7,0.103791429,1
DHRSX,0.511103829,1
DHX15,0.423663069,1
DHX30,0.290314242,1
DHX38,0.802624676,1
DHX8,0.550129326,1
DHX9,0.629076774,1
DIAPH1,0.883826523,1
DICER1,0.46761933,1
DIDO1,0.594328595,1
DIP2A,0.616726898,1
DIS3L2,0.405681107,1
DKK3,0.172443136,1
DLD,0.538029509,1
DLG1,0.316043276,1
DLG3,0.85015395,1
DLG5,0.023582265,1
DLGAP4,0.389222361,1
DMKN,0.316711155,1
DMTN,0.639223111,1
DMWD,0.900368618,1
DNAJA1,0.122917884,1
DNAJA2,0.317707118,1
DNAJB1,0.018494782,1
DNAJB11,0.036919222,1
DNAJB12,0.146823032,1
DNAJB13,0.084030459,1
DNAJB2,0.385251523,1
DNAJB6,0.80977324,1
DNAJC1,0.423650448,1
DNAJC11,0.453219432,1
DNAJC15,0.169099424,1
DNAJC2,0.054817846,1
DNAJC3,0.689299691,1
DNAJC4,0.375342784,1
DNAJC7,0.211976897,1
DNAJC8,0.246337528,1
DNASE2,0.610574316,1
DNM1,0.127921962,1
DNM2,0.950360374,1
DNPEP,0.520854428,1
DNPH1,0.697675532,1
DNTTIP1,0.809899984,1
DOC2A,0.283480365,1
DOC2B,0.224838367,1
DOCK5,0.412279767,1
DOCK6,0.35241314,1
DOT1L,0.27862578,1
DPAGT1,0.752656307,1
DPF2,0.329748199,1
DPH7,0.235729448,1
DPM1,0.304698676,1
DPM2,0.369418649,1
DPM3,0.758564269,1
DPP9,0.413093328,1
DPYSL2,0.372018918,1
DPYSL3,0.395316068,1
DRAP1,0.045784913,1
DRG1,0.307544809,1
DRG2,0.314901484,1
DSE,0.396514817,1
DST,0.4181128,1
DSTN,0.247959074,1
DTX1,0.17279383,1
DTX2,0.587738974,1
DTX3L,0.498645066,1
DTX4,0.446570431,1
DUOX2,0.077544859,1
DUOXA2,0.03410438,1
DUS1L,0.321771308,1
DUSP18,0.236537202,1
DUSP22,0.504865171,1
DUSP23,0.672536491,1
DUSP3,0.430778698,1
DUSP4,0.236180134,1
DUSP5,0.234079068,1
DUSP6,0.104209941,1
DUT,0.855209266,1
DVL1,0.840402704,1
DVL2,0.483558551,1
DXO,0.153434647,1
DYM,0.727330918,1
DYNC1H1,0.652412521,1
DYNC1I2,0.546335755,1
DYNC1LI1,0.3434661,1
DYNC1LI2,0.374837096,1
DYNLL1,0.052685977,1
DYNLL2,0.399352309,1
DYNLRB1,0.405592414,1
DYNLT1,0.143449573,1
DYRK1A,0.421001291,1
DYRK2,0.496201458,1
E4F1,0.222636238,1
EBF4,0.305673519,1
EBP,0.308983208,1
ECE1,0.072186668,1
ECH1,0.094380405,1
ECHDC2,0.031275333,1
ECI1,0.524130534,1
ECSIT,0.919895326,1
EDEM1,0.397317934,1
EDEM2,0.741998056,1
EDEM3,0.029487178,1
EDF1,0.066579542,1
EDNRA,0.072175355,1
EEF1A2,0.11847008,1
EEF2K,0.59479037,1
EFEMP1,0.427364237,1
EFNA2,0.422500773,1
EFNA5,0.279927352,1
EFNB1,0.169300862,1
EFTUD2,0.821308216,1
EGFL7,0.676212814,1
EGLN2,0.409106292,1
EGLN3,0.121520309,1
EHBP1L1,0.358751283,1
EHD1,0.244644081,1
EHD2,0.236312177,1
EHD4,0.254166768,1
EHMT1,0.063800356,1
EHMT2,0.427071426,1
EI24,0.797261719,1
EID1,0.207554996,1
EIF1,0.224958956,1
EIF1AX,0.174065417,1
EIF2A,0.254994014,1
EIF2AK1,0.542417114,1
EIF2B4,0.371317102,1
EIF2B5,0.421590687,1
EIF2S2,0.058229581,1
EIF2S3,0.113435589,1
EIF3A,0.235141862,1
EIF3B,0.237296514,1
EIF3C,0.961081375,1
EIF3CL,0.538577228,1
EIF3E,0.574542459,1
EIF3F,0.627507713,1
EIF3H,0.281914297,1
EIF3I,0.0692461,1
EIF3J,0.386304369,1
EIF3K,0.397254864,1
EIF3M,0.097972062,1
EIF4A2,0.076267971,1
EIF4A3,0.403250774,1
EIF4B,0.387262807,1
EIF4E2,0.748323348,1
EIF4EBP1,0.673482617,1
EIF4EBP2,0.083681533,1
EIF4G1,0.64731166,1
EIF4G3,0.281560484,1
EIF4H,0.899226041,1
EIF5,0.88279663,1
EIF5A,0.019138026,1
EIF5AL1,0.087278032,1
EIF5B,0.341559412,1
EIF6,0.089886409,1
ELAC2,0.770499402,1
ELAVL1,0.558416565,1
ELF1,0.392358813,1
ELK1,0.085141061,1
ELL,0.539741412,1
ELMO3,0.355560337,1
ELN,0.126129133,1
ELOB,0.26481223,1
ELOC,0.750400278,1
ELOF1,0.348810807,1
ELOVL1,0.163512867,1
ELOVL5,0.270614228,1
ELOVL7,0.574531953,1
ELP2,0.583437837,1
ELP6,0.148800954,1
EMB,0.252632233,1
EMC1,0.672107748,1
EMC10,0.470241565,1
EMC3,0.328529298,1
EMC6,0.437874371,1
EMC8,0.683664311,1
EMC9,0.68829597,1
EMD,0.035565573,1
EME2,0.687763653,1
EMG1,0.136541423,1
EML2,0.016546482,1
EMP1,0.140717528,1
EMP2,0.260185959,1
ENC1,0.917806732,1
ENDOD1,0.048785352,1
ENDOG,0.872413724,1
ENGASE,0.437764783,1
ENO2,0.241819612,1
ENSA,0.661928582,1
ENTPD1,0.472433367,1
ENTPD2,0.1176376,1
ENTPD4,0.10524765,1
ENTPD6,0.623252234,1
ENTPD8,0.076649162,1
EP400,0.095543415,1
EPAS1,0.34256164,1
EPB41L1,0.784312788,1
EPB41L2,0.066855065,1
EPHA2,0.2773811,1
EPHA8,0.217388508,1
EPHB3,0.02961424,1
EPHB4,0.654209679,1
EPHX1,0.530163187,1
EPHX2,0.254191084,1
EPN1,0.338202699,1
EPN3,0.270828679,1
EPPK1,0.17419991,1
EPRS,0.11830681,1
EPS15,0.440375336,1
EPS8,0.1247953,1
EPS8L1,0.427448345,1
EPS8L2,0.70910519,1
ERAP1,0.773517892,1
ERBB2,0.572369321,1
ERBB3,0.634398964,1
ERBIN,0.078314821,1
ERCC1,0.031463121,1
ERCC2,0.328651123,1
ERF,0.932457118,1
ERG28,0.378754739,1
ERGIC1,0.04191273,1
ERGIC3,0.312275997,1
ERH,0.507475133,1
ERI3,0.648378161,1
ERN2,0.233023127,1
ERO1A,0.093241325,1
ERP29,0.493251954,1
ERP44,0.24707084,1
ESAM,0.594799593,1
ESD,0.193109891,1
ESRP1,0.914755768,1
ESRP2,0.366766785,1
ESRRA,0.055819905,1
ESYT1,0.436944132,1
ETF1,0.262387913,1
ETFA,0.067510294,1
