A2M,7.06E-07,0.000150322
ADAMTSL2,5.55E-17,5.50E-14
AEBP1,5.55E-17,5.50E-14
APOD,5.55E-17,5.50E-14
BGN,5.55E-17,5.50E-14
C3,5.55E-17,5.50E-14
CCDC80,5.55E-17,5.50E-14
CEL,5.55E-17,5.50E-14
CLPS,5.55E-17,5.50E-14
COL1A1,5.55E-17,5.50E-14
COMP,5.55E-17,5.50E-14
CTGF,5.55E-17,5.50E-14
CTRB1,5.55E-17,5.50E-14
CTRB2,5.55E-17,5.50E-14
CYR61,5.55E-17,5.50E-14
ENG,5.55E-17,5.50E-14
FBLN1,5.55E-17,5.50E-14
IGFBP2,5.55E-17,5.50E-14
IGFBP5,5.55E-17,5.50E-14
INS,5.55E-17,5.50E-14
MT2A,5.55E-17,5.50E-14
PI16,5.55E-17,5.50E-14
PLA2G2A,5.55E-17,5.50E-14
PNLIP,5.55E-17,5.50E-14
PRSS2,5.55E-17,5.50E-14
PTGDS,5.55E-17,5.50E-14
S100A6,5.55E-17,5.50E-14
SPON2,5.55E-17,5.50E-14
THBS1,5.55E-17,5.50E-14
C4B,1.11E-16,7.16E-14
CELA3A,1.11E-16,7.16E-14
CELA3B,1.11E-16,7.16E-14
COL1A2,1.11E-16,7.16E-14
COL3A1,1.11E-16,7.16E-14
CPA1,1.11E-16,7.16E-14
CPA2,1.11E-16,7.16E-14
CTRC,1.11E-16,7.16E-14
CXCL14,1.11E-16,7.16E-14
IGFBP3,1.11E-16,7.16E-14
MGP,1.11E-16,7.16E-14
MT1X,1.11E-16,7.16E-14
PRSS1,1.11E-16,7.16E-14
PRSS3,1.11E-16,7.16E-14
SYCN,1.11E-16,7.16E-14
CPB1,2.22E-16,1.37E-13
NR4A1,2.22E-16,1.37E-13
TIMP1,4.44E-16,2.68E-13
MT1E,6.66E-16,3.93E-13
CST2,7.77E-16,4.40E-13
KRT19,7.77E-16,4.40E-13
MT1G,8.88E-16,4.83E-13
MUC6,8.88E-16,4.83E-13
C7,1.55E-15,8.29E-13
GP2,2.22E-15,1.16E-12
CELA2A,5.00E-15,2.56E-12
FOSB,5.55E-15,2.80E-12
SERPINE1,6.22E-15,3.08E-12
SELENOP,6.44E-15,3.13E-12
DPEP1,6.77E-15,3.24E-12
C4A,1.03E-14,4.85E-12
SPARC,3.71E-14,1.71E-11
PCSK1N,5.18E-14,2.36E-11
LCN2,1.11E-13,4.95E-11
PNLIPRP1,1.22E-13,5.36E-11
CPA5,1.80E-13,7.81E-11
LGALS1,3.86E-13,1.65E-10
TAGLN,8.44E-13,3.55E-10
PLA2G1B,9.17E-13,3.80E-10
LAMC2,9.64E-13,3.93E-10
CELA2B,3.03E-12,1.22E-09
MT1H,3.36E-12,1.33E-09
MUC1,7.65E-12,2.99E-09
ACTG1,3.04E-11,1.17E-08
MFAP4,7.86E-11,2.99E-08
SPINK1,1.80E-10,6.75E-08
MMP11,3.14E-10,1.16E-07
MYL9,3.39E-10,1.24E-07
GAPDH,5.32E-10,1.92E-07
TPT1,6.54E-10,2.33E-07
TMSB4X,7.20E-10,2.53E-07
C11orf96,8.77E-10,3.04E-07
COL6A2,1.44E-09,4.93E-07
PABPC1,1.63E-09,5.52E-07
ZFP36,1.65E-09,5.52E-07
CCL17,1.73E-09,5.72E-07
ITGA5,1.87E-09,6.11E-07
SPHK1,2.01E-09,6.48E-07
EMP1,2.52E-09,7.97E-07
GPC1,2.53E-09,7.97E-07
GREM1,2.89E-09,8.90E-07
HCFC1R1,2.88E-09,8.90E-07
CST4,2.97E-09,8.96E-07
GPX3,2.97E-09,8.96E-07
SERPING1,3.67E-09,1.09E-06
ACTB,3.77E-09,1.11E-06
EFEMP1,4.27E-09,1.25E-06
TGM2,5.13E-09,1.48E-06
DUSP1,6.23E-09,1.78E-06
JUND,6.37E-09,1.80E-06
ST5,8.99E-09,2.52E-06
C4orf48,9.13E-09,2.53E-06
COL4A2,9.98E-09,2.74E-06
TXNIP,1.07E-08,2.92E-06
FSTL1,1.34E-08,3.60E-06
EEF1A1,2.76E-08,7.35E-06
INF2,3.94E-08,1.04E-05
CST1,4.13E-08,1.08E-05
MMP14,5.60E-08,1.45E-05
TUBB6,6.22E-08,1.60E-05
CST3,7.46E-08,1.90E-05
SLC44A4,1.11E-07,2.80E-05
NFATC1,1.18E-07,2.95E-05
CD63,1.22E-07,3.02E-05
MUC5AC,1.31E-07,3.22E-05
LAMB3,1.35E-07,3.29E-05
SFRP2,1.41E-07,3.39E-05
DPCR1,1.51E-07,3.60E-05
FOS,1.58E-07,3.74E-05
TMEM204,1.71E-07,4.01E-05
MAN1C1,2.17E-07,5.05E-05
FTL,2.28E-07,5.27E-05
B4GAT1,3.89E-07,8.92E-05
COX7A1,4.04E-07,9.18E-05
CFD,4.43E-07,9.98E-05
MFAP2,4.55E-07,0.000101721
MT1M,5.23E-07,0.000115988
SYNGR2,5.47E-07,0.000120429
MMP2,5.77E-07,0.000125989
AHNAK2,5.83E-07,0.000126235
LUM,6.00E-07,0.000128931
SOD2,7.10E-07,0.000150322
REG3A,7.30E-07,0.000153224
COL12A1,7.51E-07,0.000156504
PMP22,9.03E-07,0.000186768
LMNA,9.29E-07,0.000190804
RNASE1,9.48E-07,0.000193341
ZFP36L1,9.87E-07,0.000199657
PCSK7,1.03E-06,0.000206818
LRRC32,1.22E-06,0.000243772
RACK1,1.49E-06,0.000294838
P3H4,1.54E-06,0.000302774
SFRP4,1.84E-06,0.000359872
ARAP1,2.04E-06,0.000395058
APOC1,2.06E-06,0.000396431
EEF2,2.10E-06,0.000398572
MAP2K2,2.09E-06,0.000398572
ELF3,2.46E-06,0.0004646
SYT8,3.07E-06,0.000575653
COL6A3,3.28E-06,0.000603014
MYADM,3.27E-06,0.000603014
SRGN,3.26E-06,0.000603014
ACTA2,3.32E-06,0.00060507
DHRS4,3.65E-06,0.000660807
LCNL1,3.91E-06,0.000703445
LGALS3BP,4.18E-06,0.000746948
BZW1,4.52E-06,0.00079936
INMT,4.53E-06,0.00079936
HSPG2,4.68E-06,0.000820956
SRRT,5.11E-06,0.000891644
POSTN,5.19E-06,0.000898543
AMY2B,5.55E-06,0.000956017
DDX5,5.87E-06,0.001004665
PKM,6.31E-06,0.001072623
DCN,7.19E-06,0.001214867
CTSC,7.75E-06,0.001302737
PRELP,8.90E-06,0.001477785
RAMP1,8.87E-06,0.001477785
ITGA11,1.00E-05,0.001658039
EHD2,1.02E-05,0.001680212
SYNE2,1.09E-05,0.001777429
SERPINF1,1.12E-05,0.001811136
ADH1B,1.18E-05,0.001907308
LOXL2,1.26E-05,0.002012003
PRSS8,1.28E-05,0.002034911
SHC2,1.36E-05,0.002161025
REXO2,1.39E-05,0.002187432
STRA6,1.41E-05,0.002212706
PIM1,1.52E-05,0.002373396
GADD45B,1.58E-05,0.002449672
GSN,1.64E-05,0.002519414
S100A14,1.66E-05,0.002535192
SULF1,1.84E-05,0.002802914
ANXA1,1.95E-05,0.002951609
DPT,2.03E-05,0.003055541
MSN,2.15E-05,0.00322146
SPARCL1,2.17E-05,0.00322818
GGT5,2.24E-05,0.00332062
F2RL2,2.87E-05,0.004224806
CMKLR1,2.90E-05,0.004252089
GSTP1,3.04E-05,0.004442278
ADAMTS1,3.70E-05,0.005364706
ZFP36L2,3.85E-05,0.005559001
SERPINA1,4.39E-05,0.006307353
WISP2,4.48E-05,0.006399421
SLIT3,4.68E-05,0.006616155
SNRPB,4.67E-05,0.006616155
RGCC,4.78E-05,0.006733463
SLC38A2,4.88E-05,0.006838517
CLEC11A,5.00E-05,0.006971224
HTRA3,5.96E-05,0.008263603
RAB31,6.03E-05,0.008318931
S100A4,6.11E-05,0.00838105
ITIH3,6.51E-05,0.008844834
SSC5D,6.51E-05,0.008844834
BST2,6.60E-05,0.008926323
NNMT,7.07E-05,0.009515324
CD163,7.26E-05,0.009673411
TSC22D1,7.26E-05,0.009673411
GRASP,7.33E-05,0.009725408
CD248,7.57E-05,0.00998537
MICALL2,7.60E-05,0.00998537
TMEM130,7.79E-05,0.010186921
SOD3,8.85E-05,0.011523444
DTX1,9.10E-05,0.011730388
SERPINE2,9.07E-05,0.011730388
CTSK,9.14E-05,0.011736728
SF1,9.99E-05,0.012756784
LGMN,0.000106062,0.013487755
COL6A1,0.000110219,0.013952389
NDRG1,0.000122469,0.015432563
FOXS1,0.000126142,0.015823574
MINDY2,0.000131626,0.01643707
MAPK3,0.000145163,0.01804625
SLC6A6,0.000151865,0.018795155
TGFB1,0.000159579,0.019662041
ARPC1B,0.000162451,0.01992006
PCOLCE,0.000163828,0.01992006
SRSF5,0.000163583,0.01992006
KDELR2,0.000173793,0.021039343
PHLDA3,0.000181208,0.021841616
TINAGL1,0.000184734,0.022170237
CD74,0.000187752,0.022435392
PFDN5,0.000197098,0.023350866
VMP1,0.000196365,0.023350866
SSR4,0.000202718,0.023914498
CLDN11,0.000226418,0.026597174
CCL21,0.000235397,0.027535267
EGR1,0.00023798,0.027720381
LDHA,0.000242471,0.028125373
ZCCHC24,0.000249648,0.028837132
COL16A1,0.000258661,0.029754292
FN1,0.000272039,0.031163938
ITGAV,0.000292461,0.033365502
HMGN2,0.000304039,0.034544207
ETS1,0.00030626,0.034654602
HLA-DRB5,0.000307971,0.034706518
FTH1,0.000325544,0.03653832
EEF1D,0.000338688,0.037860327
HIPK3,0.000353391,0.039345243
NFKBIA,0.000355149,0.039382847
PPDPF,0.000369832,0.040847679
ZYX,0.000374558,0.041205439
KRT17,0.000377837,0.041401838
DHRS4L2,0.000396793,0.043307799
PACS1,0.00041479,0.045094589
SULF2,0.000441296,0.047788822
OTUB1,0.000466921,0.050367066
TMEM101,0.00047964,0.051538471
CTSD,0.000482786,0.051676255
KIF1C,0.000535322,0.057079138
NCKIPSD,0.000554239,0.058869808
ALKBH7,0.000564616,0.059516005
EZR,0.000562517,0.059516005
SAT1,0.000571098,0.059971183
CPNE7,0.000580571,0.060579819
P3H3,0.000581264,0.060579819
BAD,0.000588972,0.06115328
HLA-DRA,0.000610193,0.063120257
THBS2,0.000672208,0.06927672
IGFBP7,0.000701473,0.072024992
CCDC152,0.000711067,0.072740622
CHCHD10,0.000744019,0.07563448
VAMP2,0.000744812,0.07563448
ATP10A,0.000749459,0.0758287
ABHD14B,0.000831766,0.083850262
EHBP1L1,0.000838278,0.083896575
SYDE1,0.000836914,0.083896575
GOLGA8B,0.000865064,0.086265955
VSTM4,0.000881502,0.087590128
IGFBP6,0.000886769,0.08779876
NISCH,0.000910012,0.089779398
HMOX1,0.000917394,0.090186746
TIMP3,0.000937337,0.09182175
PREX1,0.000967486,0.09444144
C1S,0.001043328,0.100780122
FBN1,0.001040492,0.100780122
GPX4,0.001041431,0.100780122
P2RX4,0.001100566,0.10593997
CEBPD,0.00111992,0.107429875
ATP6AP1,0.001125438,0.107586949
MYH11,0.001162334,0.110353031
PABPC3,0.001159851,0.110353031
CHID1,0.001228443,0.116231405
JUN,0.001267129,0.119483919
SERPINH1,0.001274856,0.119805108
MYRF,0.001280189,0.119899793
ARHGDIA,0.00128551,0.11997472
PECAM1,0.001289644,0.11997472
ARL3,0.001297144,0.120268813
IER2,0.001351478,0.124888871
PGGHG,0.001356906,0.124973932
C1R,0.001394522,0.127695085
NPIPB12,0.001395664,0.127695085
NPIPB3,0.001414219,0.128788473
PLOD1,0.001416905,0.128788473
WIZ,0.001447196,0.131111831
TRIO,0.001487073,0.134285742
MRPL12,0.0015126,0.136147467
TSPAN4,0.001598782,0.143438831
MZT2B,0.00162736,0.145531794
LMCD1,0.001681443,0.14988492
APOBEC3C,0.001687836,0.149972557
WDR13,0.001723886,0.152686347
P4HB,0.001760906,0.155468595
HGS,0.001777545,0.15643937
ATP5E,0.001783473,0.156464419
ANXA11,0.001836099,0.160573166
PDXK,0.001871705,0.1631723
TGFB1I1,0.001894625,0.16465263
MT1A,0.001900632,0.164658478
MYO1C,0.002086026,0.180156802
PRMT1,0.002103173,0.181073593
ELOB,0.002160852,0.185463566
TMEM9,0.00220143,0.188363162
TMEM119,0.002212813,0.188754506
ZFPM1,0.002242339,0.190686383
GABBR1,0.002319648,0.196657454
COL10A1,0.002382565,0.201375657
SARAF,0.002413598,0.203378505
DSTN,0.002482986,0.208591402
LMOD1,0.002524527,0.211440448
OLFML2B,0.002541205,0.212196204
PDLIM2,0.00258906,0.215543008
CLIP2,0.002648375,0.219164743
SSTR2,0.002640879,0.219164743
CLU,0.00266687,0.220038489
ANO1,0.002710678,0.222989293
LOX,0.002772245,0.227379306
NUPR1,0.002785011,0.227637136
PCDH1,0.002791811,0.227637136
AC004556.1,0.003049227,0.245998155
CCND1,0.00305249,0.245998155
FBLN5,0.00304391,0.245998155
RBPJ,0.003045891,0.245998155
TAX1BP3,0.003067573,0.246497133
RHOD,0.003101717,0.248520449
NDUFS8,0.003133657,0.250100119
POTEI,0.003139475,0.250100119
PER1,0.003313819,0.263232448
11-Sep,0.003342185,0.264727189
LAMC1,0.003425842,0.270580386
IL6ST,0.00347271,0.273502914
CYHR1,0.003513568,0.275157363
NUBP2,0.003512163,0.275157363
CAVIN1,0.003552223,0.277400923
DST,0.00365614,0.284714054
MLF2,0.00367913,0.285701784
FBLN2,0.003740973,0.288222045
GATAD2A,0.003742774,0.288222045
JMJD4,0.003733835,0.288222045
COPE,0.003770796,0.289575539
PHLDB1,0.003849513,0.294803935
JUP,0.003916872,0.299136078
ISLR,0.004038487,0.307576645
NPIPB4,0.00420353,0.316666681
PHLDB3,0.00420342,0.316666681
PRPF6,0.004183532,0.316666681
SULT1A1,0.004198436,0.316666681
C1orf162,0.004345954,0.323875584
HCST,0.004338622,0.323875584
SNX6,0.004322047,0.323875584
TPSB2,0.004339559,0.323875584
ETV5,0.004412056,0.32792025
GALK1,0.004482868,0.332292433
MTUS1,0.004556607,0.336289701
MXRA8,0.004561055,0.336289701
ATP5L,0.00464276,0.341405847
WDR83OS,0.004684299,0.343549115
TMEM259,0.004716218,0.344977477
TBX2,0.004733142,0.345304315
LSM4,0.004767711,0.346005174
SLC22A17,0.004758496,0.346005174
ID1,0.004804159,0.347740003
GGA2,0.004864225,0.351170854
ATP1A1,0.004877664,0.351226427
SLC20A1,0.005016101,0.360259146
HOPX,0.005079486,0.363868853
CNN3,0.005140043,0.367257821
PPP1R14A,0.005250992,0.374220698
EIF4G2,0.005412911,0.384770991
ITM2C,0.005465756,0.386633201
NT5DC2,0.005467001,0.386633201
PTEN,0.005577193,0.393422511
PSMG3,0.005761897,0.40542015
RPS6KB2,0.005819496,0.408436316
SYNPO,0.005914952,0.414087461
RBP1,0.006011807,0.419807886
LAMP1,0.006060722,0.42216029
ARHGEF2,0.006098767,0.422686251
CALR,0.006094615,0.422686251
GIGYF1,0.006155114,0.425527647
CD151,0.006191131,0.426633526
EFHD2,0.006206418,0.426633526
EPS8L2,0.006232667,0.426633526
SCAND1,0.00622941,0.426633526
ASPN,0.006314224,0.429038146
BLOC1S6,0.006304874,0.429038146
PRDX5,0.006305568,0.429038146
CILP2,0.006365781,0.430431356
WDR18,0.006352339,0.430431356
MRPL23,0.00650381,0.438694398
FKBP5,0.00659863,0.444009894
EVA1B,0.006718007,0.450948025
COL7A1,0.006788696,0.453496932
GPBAR1,0.006776714,0.453496932
NENF,0.006848207,0.455278234
SSR2,0.00683534,0.455278234
LIMS2,0.006893029,0.457161721
NAPRT,0.006942986,0.459376007
CYB5R1,0.00699209,0.461523457
CACNA1H,0.007079285,0.466168952
ZNF469,0.007131628,0.468502922
KRT18,0.007212791,0.472714624
CD14,0.007325525,0.478970709
NDUFA11,0.007530601,0.491220808
AIF1,0.007631133,0.496610041
H3F3B,0.007742308,0.502664997
NPIPB11,0.007794813,0.504891433
IMP4,0.007892973,0.507519466
NHSL2,0.007926921,0.507519466
NOP53,0.007878247,0.507519466
PLXNB2,0.007915028,0.507519466
STK24,0.007905618,0.507519466
PEMT,0.008039339,0.512498735
SPSB1,0.008041665,0.512498735
PLEC,0.008106203,0.51542683
BUD31,0.008233833,0.522344075
CLIP3,0.008427195,0.53339018
NGFR,0.008485771,0.53587423
GNAS,0.008553356,0.538914557
TNXB,0.008584186,0.539630612
CD53,0.008766032,0.549815299
BRF1,0.008794099,0.550330597
CAPG,0.008828703,0.551251739
SELENOM,0.009019975,0.561928903
BCL7C,0.009114265,0.566529935
EEF1B2,0.00920471,0.570871873
FKBP1C,0.009304712,0.575785865
PDGFC,0.009370489,0.578564764
COL8A1,0.009686404,0.596741353
RHBDD2,0.009903839,0.608783808
NPIPB5,0.010018378,0.613865115
PNPLA2,0.010030789,0.613865115
POLR2B,0.010141341,0.619263647
SLC52A2,0.010294998,0.627264831
CORO7,0.010365457,0.629841389
KCNJ3,0.010382725,0.629841389
ANTXR2,0.010427807,0.631195052
HAND2,0.01061647,0.641123765
NDUFS7,0.01063809,0.641123765
IFI6,0.010741136,0.645929827
TSR3,0.010915553,0.654997797
RHOC,0.011021243,0.659911401
GADD45GIP1,0.011103521,0.663405074
C16orf89,0.011157432,0.665192537
PPIB,0.011478518,0.682866759
COL5A1,0.011592133,0.686876467
MGRN1,0.011595472,0.686876467
PODNL1,0.011691922,0.691113088
BRSK1,0.011720876,0.691350483
TSSC4,0.011766451,0.692565159
TMEM11,0.011840767,0.695462782
HERPUD1,0.012298733,0.72083407
ZNHIT1,0.012358571,0.722813028
MAT2A,0.012543266,0.732070792
ANTXR1,0.012853823,0.747050535
FDPS,0.012844687,0.747050535
VWF,0.012963007,0.751820056
MPG,0.013006089,0.752743945
FRZB,0.01303866,0.752788937
FZR1,0.013061175,0.752788937
MYL6,0.0132336,0.761144319
FAM162A,0.013585414,0.779761552
PHYHIP,0.013654062,0.782082484
STOM,0.013806195,0.789165904
YBX3,0.013884412,0.792003818
PSMD8,0.013940745,0.793584311
SYMPK,0.01404092,0.797648983
C5orf63,0.014277091,0.809406952
MFGE8,0.014328204,0.8106469
SRC,0.01438889,0.812422335
CAPNS1,0.014633126,0.824533066
VCAN,0.014683759,0.82570778
THBS4,0.014816097,0.831462984
HLA-DPA1,0.014896149,0.83426663
BSG,0.014929456,0.834446222
COL5A2,0.015008486,0.835494516
MAFK,0.014995656,0.835494516
SBNO2,0.015301698,0.850110052
ITGA1,0.015461206,0.857253823
ST6GALNAC6,0.015527513,0.859211802
FAM193B,0.015569006,0.859791686
CAPN1,0.015615306,0.860634159
GRB10,0.015888746,0.873967203
ABCF1,0.016454712,0.90152095
DCTN2,0.016453672,0.90152095
ATP5G2,0.016715332,0.912194322
DKK3,0.016694739,0.912194322
NPIPA1,0.01714709,0.932086698
ZNF358,0.017142159,0.932086698
CYSTM1,0.017286886,0.937846855
LY6E,0.017447445,0.94470874
MON1B,0.017676127,0.953366881
S100A13,0.017667923,0.953366881
EDNRA,0.017901464,0.963645682
CPE,0.017946243,0.964183953
PRSS23,0.01800659,0.965554937
VIM,0.018062444,0.966680155
NREP,0.01835766,0.980586746
HEYL,0.018477999,0.98511664
FAM102A,0.018558977,0.987534686
RBM39,0.018594864,0.987548797
R3HDM4,0.018668571,0.989567566
A4GALT,0.13127723,1
AAMDC,0.073851672,1
AAMP,0.695687474,1
AAR2,0.688039099,1
AATF,0.08793576,1
ABCA2,0.038390789,1
ABCA8,0.207982043,1
ABCF2,0.104984999,1
ABCF3,0.579998599,1
ABHD11,0.847288198,1
ABHD12,0.559681503,1
ABHD14A,0.189719201,1
ABHD17A,0.873174948,1
ABI2,0.670202322,1
ABL1,0.143321777,1
ABLIM1,0.151830538,1
ABTB1,0.475698694,1
AC007325.4,0.21624375,1
AC126755.2,0.295650222,1
AC138969.1,0.223735279,1
ACAA1,0.430008495,1
ACACB,0.426196334,1
ACADVL,0.122612392,1
ACAP3,0.278820448,1
ACLY,0.039257908,1
ACOX1,0.09893034,1
ACP2,0.283454733,1
ACP5,0.203241072,1
ACSL1,0.060401619,1
ACSS1,0.056118841,1
ACTN1,0.082957916,1
ACTN4,0.067788368,1
ACTR1A,0.049766079,1
ACTR1B,0.421706862,1
ACTR2,0.284421092,1
ACVRL1,0.423160217,1
ADA2,0.421100298,1
ADAM15,0.49185099,1
ADAMTS12,0.092727806,1
ADAMTS2,0.021485507,1
ADAR,0.400440168,1
ADD1,0.720280189,1
ADD3,0.732090641,1
ADGRA2,0.121755379,1
ADGRE5,0.534687876,1
ADH5,0.591729012,1
ADI1,0.221374196,1
ADIPOR2,0.54187819,1
ADIRF,0.128282211,1
ADNP,0.550254595,1
ADRM1,0.566208488,1
AES,0.153045249,1
AFF1,0.351496092,1
AFF4,0.096404052,1
AGAP3,0.117233626,1
AGBL5,0.640462421,1
AGPAT1,0.437291611,1
AGPAT2,0.342327972,1
AGTRAP,0.101847137,1
AHCY,0.255234963,1
AHCYL1,0.5150324,1
AHNAK,0.019730368,1
AHSA2,0.722903527,1
AIP,0.457648565,1
AK2,0.69690376,1
AKAP12,0.407120482,1
AKAP13,0.195079988,1
AKAP8L,0.16770087,1
AKNA,0.078869368,1
AKR1A1,0.407787268,1
AKR1B1,0.823452383,1
AKR7A2,0.70816774,1
AKT1,0.349469554,1
AKT1S1,0.637369672,1
AKT2,0.315756482,1
AKT3,0.236535598,1
AL513523.10,0.172701632,1
ALCAM,0.150628335,1
ALDH18A1,0.73873407,1
ALDH1A1,0.606446096,1
ALDH2,0.442957116,1
ALDH3B1,0.120682188,1
ALDOA,0.064114484,1
ALKBH5,0.744887203,1
ALOX15B,0.059290271,1
ALOX5AP,0.365980142,1
AMDHD2,0.28056114,1
AMOTL1,0.390745277,1
AMOTL2,0.291240535,1
AMPD2,0.520073774,1
ANAPC11,0.527313196,1
ANAPC5,0.564792504,1
ANAPC7,0.666973657,1
ANGPTL4,0.111775595,1
ANKH,0.433976348,1
ANKLE2,0.327219079,1
ANKRD10,0.734382123,1
ANKRD13D,0.513496074,1
ANKRD45,0.401999436,1
ANKS3,0.415622681,1
ANKZF1,0.673262453,1
ANP32A,0.479612934,1
ANP32B,0.708842151,1
ANXA2,0.041615534,1
ANXA5,0.62315137,1
ANXA6,0.23068156,1
AOC3,0.042057317,1
AP1B1,0.146556172,1
AP1G2,0.481579842,1
AP1M1,0.319873716,1
AP1S1,0.795725055,1
AP2A1,0.637563391,1
AP2A2,0.523271177,1
AP2B1,0.265075452,1
AP2M1,0.091950497,1
AP2S1,0.030016755,1
AP5Z1,0.886726077,1
APBB1,0.049215175,1
APCDD1,0.427839239,1
APEH,0.242475346,1
APH1A,0.704724563,1
APLP2,0.548897232,1
APMAP,0.79266288,1
APOE,0.263839641,1
APOL1,0.323112631,1
APOL2,0.668914797,1
APOL3,0.317632109,1
APOLD1,0.668040878,1
APOPT1,0.385284958,1
APP,0.335130889,1
APRT,0.734204021,1
AQP1,0.212781434,1
ARAF,0.244988806,1
ARF1,0.061173639,1
ARF3,0.567434954,1
ARFGAP1,0.145584959,1
ARFGAP2,0.232843408,1
ARFIP2,0.11463111,1
ARFRP1,0.420764833,1
ARGLU1,0.370198176,1
ARHGAP1,0.372821641,1
ARHGAP21,0.075146766,1
ARHGAP4,0.834943816,1
ARHGAP45,0.799884623,1
ARHGDIB,0.059885258,1
ARHGEF1,0.483632699,1
ARHGEF10L,0.044725037,1
ARHGEF12,0.870547454,1
ARHGEF17,0.658720903,1
ARHGEF25,0.077358705,1
ARHGEF40,0.76158501,1
ARHGEF7,0.574655998,1
ARID5A,0.509872446,1
ARL16,0.623003477,1
ARL2,0.688526325,1
ARL6IP5,0.726942907,1
ARL8B,0.073064314,1
ARMCX6,0.807450658,1
ARNT,0.500634635,1
ARPC2,0.578643336,1
ARPC3,0.510451381,1
ARPC4,0.319056254,1
ARPC5,0.319833998,1
ARPC5L,0.685626431,1
ARPP19,0.221113391,1
ARRB2,0.073811286,1
ARRDC1,0.03841423,1
ARRDC2,0.091766166,1
ARRDC3,0.883471991,1
ARSA,0.827609047,1
ASAH1,0.348485051,1
ASB1,0.347368409,1
ASB13,0.373512786,1
ASCC2,0.11063265,1
ASMTL,0.712169486,1
ASNA1,0.43560572,1
ASS1,0.357566682,1
ASXL1,0.762164335,1
ATAD3B,0.505840182,1
ATF4,0.133662266,1
ATF5,0.607671799,1
ATG10,0.1692863,1
ATG13,0.138008929,1
ATG2A,0.414935254,1
ATG4B,0.100108683,1
ATG7,0.855516952,1
ATG9A,0.477651825,1
ATN1,0.592317992,1
ATOX1,0.047571543,1
ATP13A1,0.141197398,1
ATP13A2,0.473050914,1
ATP2A2,0.63273164,1
ATP2A3,0.307180421,1
ATP2B4,0.212139504,1
ATP5A1,0.43385843,1
ATP5B,0.60824357,1
ATP5D,0.278646847,1
ATP5EP2,0.312188101,1
ATP5G1,0.127241304,1
ATP5G3,0.634189381,1
ATP5H,0.401915366,1
ATP5I,0.428637513,1
ATP5J,0.440697884,1
ATP5J2,0.074226471,1
ATP5L2,0.119984692,1
ATP5O,0.673207131,1
ATP6AP2,0.129041439,1
ATP6V0A1,0.668141797,1
ATP6V0B,0.894009397,1
ATP6V0D1,0.633978003,1
ATP6V0E1,0.142556226,1
ATP6V1B2,0.660307553,1
ATP6V1E1,0.532497232,1
ATP6V1F,0.347483902,1
ATPIF1,0.135562742,1
ATRAID,0.117848441,1
ATXN2L,0.364675337,1
ATXN7L3,0.781389686,1
ATXN7L3B,0.591880344,1
AUP1,0.62693719,1
AURKAIP1,0.830810741,1
AXL,0.230757827,1
B2M,0.185234563,1
B3GAT3,0.468659975,1
B4GALT1,0.065205215,1
B4GALT2,0.058639032,1
B4GALT3,0.647253695,1
BABAM1,0.762912122,1
BACE1,0.646599438,1
BACE2,0.896775227,1
BACH2,0.914893004,1
BAG1,0.89161632,1
BAG3,0.37026924,1
BAG6,0.408244962,1
BAIAP2,0.095333993,1
BAP1,0.162896769,1
BAX,0.348306467,1
BCAP31,0.043331877,1
BCAR1,0.516055462,1
BCAT2,0.105940644,1
BCKDK,0.096492008,1
BCL2L1,0.023778258,1
BCL3,0.04762796,1
BCL6,0.074214524,1
BCL9L,0.376279993,1
BCR,0.72175731,1
BEST1,0.048145368,1
BHLHE40,0.143282007,1
BIN1,0.14463714,1
BIN3,0.415802538,1
BIRC2,0.028668278,1
BLCAP,0.34548043,1
BLMH,0.237890636,1
BLOC1S1,0.028114659,1
BLVRB,0.310092019,1
BMP1,0.112891167,1
BMPR2,0.758359756,1
BOC,0.168917205,1
BOK,0.220317043,1
BOLA2B,0.169560812,1
BOP1,0.783350756,1
BRAT1,0.284540252,1
BRD2,0.803839209,1
BRD4,0.285254047,1
BRD9,0.239973985,1
BRI3,0.495172887,1
BRK1,0.418520568,1
BRMS1,0.514727026,1
BTBD2,0.739708964,1
BTBD6,0.565925929,1
BTF3,0.494975329,1
BTG1,0.022407554,1
BTN3A2,0.49435274,1
BUD23,0.667088086,1
C10orf10,0.090247688,1
C11orf24,0.459398463,1
C11orf40,0.070419106,1
C11orf58,0.784561212,1
C11orf68,0.053429949,1
C12orf10,0.800904982,1
C12orf54,0.577293567,1
C12orf57,0.029839177,1
C14orf166,0.488119207,1
C14orf2,0.63030997,1
C15orf39,0.429893314,1
C15orf40,0.882229706,1
C16orf58,0.5692859,1
C17orf62,0.309740242,1
C19orf12,0.577900669,1
C19orf24,0.239347637,1
C19orf33,0.028000618,1
C19orf53,0.718681928,1
C19orf60,0.430579233,1
C19orf70,0.021643841,1
C1QA,0.39833515,1
C1QB,0.260361968,1
C1QC,0.022513292,1
C1QTNF1,0.025086154,1
C1QTNF6,0.241855823,1
C1RL,0.678408576,1
C1orf122,0.210446851,1
C1orf198,0.032506483,1
C1orf21,0.041140821,1
C1orf216,0.882110139,1
C1orf43,0.717418416,1
C1orf54,0.484557508,1
C1orf56,0.406753911,1
C20orf27,0.290651242,1
C21orf33,0.160431408,1
C22orf39,0.778691863,1
C4orf3,0.37856888,1
C6orf47,0.128658356,1
C6orf48,0.158435632,1
C6orf62,0.198342916,1
C6orf89,0.602978091,1
C7orf26,0.725404818,1
C7orf50,0.133829524,1
C8orf33,0.811910638,1
C8orf59,0.694106699,1
C9orf16,0.024032127,1
CAB39,0.943906006,1
CABIN1,0.096302344,1
CACNA1A,0.596889043,1
CAD,0.71879571,1
CADM1,0.745075132,1
CALCOCO1,0.5104866,1
CALCOCO2,0.145703577,1
CALD1,0.022485811,1
CALHM2,0.07943661,1
CALM1,0.721143654,1
CALM2,0.148325341,1
CALM3,0.414688756,1
CALU,0.328106653,1
CAMLG,0.460736709,1
CANX,0.744291614,1
CAP1,0.329232863,1
CAPN12,0.137945753,1
CAPN2,0.757220432,1
CAPRIN1,0.21007682,1
CAPZB,0.396414206,1
CARHSP1,0.200299171,1
CARM1,0.059562926,1
CASC3,0.286819469,1
CASC4,0.273034923,1
CASKIN2,0.701444776,1
CAST,0.41409217,1
CAV2,0.062049306,1
CAVIN3,0.227825731,1
CBX3,0.383554921,1
CBX6,0.120699037,1
CBX7,0.153637632,1
CC2D1B,0.648202209,1
CCDC107,0.475705511,1
CCDC12,0.575813727,1
CCDC124,0.465845606,1
CCDC130,0.035274287,1
CCDC3,0.674050657,1
CCDC8,0.035674521,1
CCDC85B,0.186776858,1
CCDC88C,0.737911142,1
CCL19,0.019212141,1
CCL5,0.741301444,1
CCM2,0.334215421,1
CCNB1IP1,0.401557755,1
CCND3,0.50592204,1
CCNG2,0.43631951,1
CCNI,0.422618238,1
CCNL1,0.022134517,1
CCNL2,0.399211314,1
CCNY,0.100508057,1
CCS,0.066525834,1
CCSER2,0.822321217,1
CCT3,0.762231526,1
CCT4,0.369800918,1
CCT7,0.800349539,1
CD2,0.184288606,1
CD276,0.567661527,1
CD2BP2,0.695047094,1
CD302,0.366106397,1
CD34,0.463086292,1
CD37,0.555671817,1
CD3E,0.412871791,1
CD4,0.676701884,1
CD44,0.298035864,1
CD52,0.514047593,1
CD59,0.22674893,1
CD6,0.162076057,1
CD68,0.321614179,1
CD81,0.085336513,1
CD93,0.043402774,1
CD99,0.030024962,1
CD99L2,0.645874175,1
CDC25B,0.728325385,1
CDC34,0.46488168,1
CDC37,0.188873505,1
CDC42,0.72270108,1
CDC42BPB,0.607492956,1
CDC42EP1,0.812150603,1
CDC42EP2,0.190087592,1
CDC42EP3,0.301452581,1
CDC42EP5,0.020053555,1
CDC42SE1,0.913058981,1
CDH11,0.080385097,1
CDK10,0.351652243,1
CDK11B,0.055177722,1
CDK13,0.133973903,1
CDK16,0.610142962,1
CDK4,0.494797963,1
CDK5RAP2,0.650208532,1
CDKN1A,0.329772158,1
CDKN1C,0.644901037,1
CDV3,0.048513939,1
CEBPB,0.056390702,1
CENPB,0.323674677,1
CEP41,0.26170472,1
CERCAM,0.389491197,1
CERK,0.502361013,1
CERS2,0.046648059,1
CERS4,0.393742214,1
CES1,0.324598883,1
CFB,0.061711654,1
CFH,0.185896932,1
CFHR1,0.605458374,1
CFI,0.619401685,1
CFL1,0.349304341,1
CFLAR,0.033823515,1
CGGBP1,0.733255394,1
CHCHD2,0.415826427,1
CHD3,0.519862027,1
CHD4,0.203128739,1
CHD8,0.708860644,1
CHKB,0.341650949,1
CHMP1A,0.2970583,1
CHMP2A,0.505821419,1
CHMP3,0.652003957,1
CHMP4B,0.725796985,1
CHP1,0.396697019,1
CHPF,0.026604601,1
CHPF2,0.45963171,1
CHTF8,0.637423251,1
CIB1,0.257560811,1
CIC,0.470384441,1
CINP,0.413807176,1
CIRBP,0.23210371,1
CISD3,0.718823566,1
CIZ1,0.800565069,1
CKAP4,0.404356531,1
CKB,0.047906866,1
CLASRP,0.296996525,1
CLCN7,0.928795819,1
CLDN15,0.679421106,1
CLDN5,0.025569698,1
CLDN7,0.043950735,1
CLIC1,0.621446281,1
CLMN,0.355143212,1
CLPP,0.89069545,1
CLPTM1,0.781164619,1
CLSTN1,0.244134138,1
CLSTN3,0.845369621,1
CLTA,0.657181686,1
CLTB,0.376224391,1
CLTC,0.115082679,1
CLUH,0.305495441,1
CMIP,0.092970713,1
CMTM3,0.104884023,1
CMTM6,0.612332675,1
CNBP,0.392439688,1
CNIH1,0.277928873,1
CNN2,0.16078084,1
CNOT1,0.607401079,1
CNOT2,0.240102162,1
CNOT7,0.233364433,1
CNP,0.85453099,1
CNPY2,0.548450775,1
CNPY3,0.679308885,1
CNTROB,0.835635666,1
COA3,0.020682901,1
COA4,0.390258443,1
COASY,0.341425926,1
COG2,0.416461194,1
COL14A1,0.194252804,1
COL15A1,0.773472832,1
COL18A1,0.161122218,1
COL4A1,0.145081602,1
COLGALT1,0.601987913,1
COMMD1,0.06138521,1
COMMD6,0.486110074,1
COMMD7,0.662843398,1
COMMD9,0.643541654,1
COMT,0.385215946,1
COMTD1,0.166356947,1
COPA,0.616037833,1
COPG1,0.343679044,1
COPRS,0.651057604,1
COPS6,0.721807311,1
COPS8,0.051733287,1
COPS9,0.647233723,1
COPZ1,0.83227573,1
COPZ2,0.338328226,1
COQ4,0.157791232,1
CORO1B,0.717644254,1
COTL1,0.387380654,1
COX14,0.392887988,1
COX4I1,0.795342295,1
COX5B,0.338543987,1
COX6A1,0.848135033,1
COX6B1,0.124466472,1
COX6C,0.107075869,1
COX7A2,0.322619749,1
COX7B,0.624756143,1
COX7C,0.723577242,1
COX8A,0.503568565,1
CPEB1,0.283866753,1
CPM,0.651759064,1
CPNE1,0.153525077,1
CPSF1,0.451863174,1
CPXM2,0.657706451,1
CRAT,0.398477977,1
CREB3,0.130584702,1
CREB3L1,0.143551871,1
CREG1,0.789368155,1
CRIP2,0.332591604,1
CRISPLD2,0.058345829,1
CRTAP,0.176078482,1
CRTC2,0.301320578,1
CRTC3,0.706835477,1
CS,0.168382403,1
CSDE1,0.01913586,1
CSF1,0.098727003,1
CSF1R,0.191881817,1
CSK,0.598151446,1
CSNK1D,0.205965347,1
CSNK1E,0.200013067,1
CSNK1G2,0.159967046,1
CSNK2A1,0.098071613,1
CSNK2B,0.166855449,1
CSPG4,0.363101793,1
CSRNP1,0.303507231,1
CSRP1,0.261285443,1
CST5,0.60828847,1
CSTB,0.80860592,1
CTBP1,0.599137939,1
CTDNEP1,0.725226004,1
CTDSP1,0.595952164,1
CTDSP2,0.079651278,1
CTDSPL,0.105572809,1
CTHRC1,0.224327791,1
CTIF,0.045342222,1
CTNNA1,0.17748547,1
CTNNB1,0.02400883,1
CTNND1,0.21798859,1
CTSA,0.13571581,1
CTSB,0.150562585,1
CTSF,0.08207176,1
CTSH,0.168904614,1
CTSL,0.021957131,1
CTSS,0.961360814,1
CTSZ,0.2141882,1
CTTN,0.499742972,1
CUEDC2,0.519273254,1
CUTA,0.22132368,1
CUX1,0.22841786,1
CXCL16,0.403834568,1
CXCR4,0.138069499,1
CXXC1,0.288774299,1
CXXC5,0.770883173,1
CYB561D2,0.275673908,1
CYB5R3,0.057572738,1
CYBA,0.623177876,1
CYBRD1,0.081810211,1
CYC1,0.539619734,1
CYGB,0.344376113,1
CYP1B1,0.025460171,1
CYTH2,0.492014092,1
CYTH3,0.103277735,1
CYTH4,0.146840699,1
D2HGDH,0.173967224,1
DAB2,0.442898121,1
DAD1,0.569620378,1
DAG1,0.257606437,1
DAP,0.213474752,1
DAPK3,0.123103899,1
DAZAP1,0.300725439,1
DBI,0.460933218,1
DBNL,0.768490197,1
DCAF8,0.363484043,1
DCD,0.423588886,1
DCHS1,0.221491133,1
DCTN1,0.77495568,1
DCTN3,0.189300994,1
DCTN5,0.819531712,1
DDA1,0.820416268,1
DDAH2,0.157599982,1
DDB1,0.04983173,1
DDIT4,0.147047248,1
DDOST,0.581944437,1
DDR2,0.242951426,1
DDT,0.41564146,1
DDX17,0.120130855,1
DDX21,0.49105858,1
DDX23,0.260301468,1
DDX24,0.914010942,1
DDX3X,0.831912049,1
DDX41,0.714843056,1
DDX42,0.630845523,1
DDX49,0.854823335,1
DDX54,0.853417154,1
DDX56,0.620829648,1
DDX6,0.239302178,1
DEAF1,0.091527517,1
DEDD,0.431998655,1
DEF6,0.939105229,1
DEF8,0.852299713,1
DENND4B,0.063947848,1
DGAT1,0.695653528,1
DGCR6,0.219721216,1
DGCR6L,0.385611106,1
DGCR8,0.502636738,1
DGKZ,0.042025892,1
DHCR24,0.288556817,1
DHRS3,0.192455393,1
DHX15,0.382745198,1
DHX30,0.652571242,1
DHX9,0.574335484,1
DLGAP4,0.806175406,1
DLST,0.826840991,1
DMPK,0.879971794,1
DMWD,0.350620705,1
DNAJA2,0.839373124,1
DNAJB1,0.778576233,1
DNAJB12,0.443518207,1
DNAJB2,0.730873507,1
DNAJB6,0.681481343,1
DNAJC3,0.112294772,1
DNAJC4,0.300434311,1
DNAJC5,0.125890937,1
DNAJC7,0.542113215,1
DNAJC8,0.856496531,1
DNASE2,0.039056476,1
DNM1,0.659230142,1
DNM2,0.13244484,1
DOCK6,0.185108059,1
DOCK7,0.38544259,1
DOK4,0.193491887,1
DOT1L,0.675251043,1
DPM3,0.794866091,1
DPP7,0.080222586,1
DPP9,0.601319311,1
DPYSL2,0.332729363,1
DPYSL3,0.615459529,1
DRAP1,0.963215131,1
DRG1,0.445561469,1
DRG2,0.64495282,1
DSE,0.600408213,1
DUS1L,0.715459241,1
DUSP18,0.708859737,1
DUSP23,0.311994221,1
DUSP3,0.624096679,1
DVL2,0.382154954,1
DYNC1H1,0.184470419,1
DYNC1LI2,0.528448419,1
DYNLL1,0.446541947,1
DYNLL2,0.34292527,1
DYNLRB1,0.052174592,1
DYNLT1,0.695969836,1
ECE1,0.264514679,1
ECH1,0.593327953,1
ECHDC2,0.084364734,1
ECHS1,0.487913484,1
ECM1,0.159180775,1
ECSIT,0.252599973,1
EDF1,0.019828367,1
EFEMP2,0.025986322,1
EFNA1,0.01897042,1
EFTUD2,0.064239174,1
EGFL7,0.064134628,1
EGLN2,0.415910845,1
EHD1,0.232957084,1
EHD4,0.689642212,1
EI24,0.050321172,1
EID1,0.728708525,1
EIF1,0.129107461,1
EIF2AK1,0.259696739,1
EIF2B4,0.228085768,1
EIF2B5,0.333509656,1
EIF2S2,0.048124703,1
EIF2S3,0.085594371,1
EIF3B,0.834209488,1
EIF3C,0.212592274,1
EIF3CL,0.88762173,1
EIF3D,0.420176823,1
EIF3F,0.161701785,1
EIF3G,0.194255845,1
EIF3H,0.768705756,1
EIF3I,0.50943886,1
EIF3K,0.173688269,1
EIF4A2,0.134955985,1
EIF4B,0.741307852,1
EIF4EBP1,0.260741927,1
EIF4EBP2,0.722859057,1
EIF4G1,0.850293228,1
EIF5,0.397912994,1
EIF5A,0.251519734,1
EIF5AL1,0.656107837,1
EIF5B,0.780981267,1
EIF6,0.630056799,1
ELK1,0.454833929,1
ELN,0.63657032,1
ELOF1,0.175009897,1
ELOVL1,0.622343535,1
ELOVL5,0.605055867,1
EMC10,0.120717342,1
EMD,0.037887634,1
EMILIN1,0.704373817,1
EML3,0.634605581,1
EMP2,0.598085143,1
EMP3,0.342583577,1
ENGASE,0.141241384,1
ENKD1,0.166275405,1
ENO1,0.385866941,1
ENSA,0.436298074,1
ENTPD1,0.616333288,1
ENTPD6,0.291442754,1
EPAS1,0.073356288,1
EPB41L2,0.076431115,1
EPHB4,0.411257412,1
EPHX1,0.752393981,1
EPN1,0.563330525,1
EPS15,0.156688767,1
ERBB2,0.333696605,1
ERCC1,0.466730424,1
ERF,0.601145609,1
ERGIC1,0.643112371,1
ERGIC3,0.579635809,1
ERH,0.496673932,1
ERI3,0.216087629,1
ERP29,0.049362628,1
ESYT2,0.157729129,1
ETF1,0.0410387,1
ETFB,0.728069151,1
ETHE1,0.535745379,1
ETS2,0.569861228,1
EVA1C,0.674665716,1
EVL,0.64455737,1
EWSR1,0.357631154,1
EXOC3,0.152104576,1
EXOC4,0.478638377,1
EXOC7,0.419124377,1
EXOSC10,0.798721838,1
EXOSC6,0.777782117,1
EXT2,0.569092991,1
EZH1,0.467503747,1
F10,0.592894083,1
F2R,0.699895282,1
F3,0.070488899,1
FAAP100,0.258636566,1
FAAP20,0.313006337,1
FADS2,0.033259733,1
FADS3,0.045278932,1
FAHD2A,0.558076459,1
FAM107A,0.404352793,1
FAM120AOS,0.447650944,1
FAM126A,0.509006375,1
FAM129B,0.367815822,1
FAM131A,0.689175452,1
FAM149A,0.634927775,1
FAM160B2,0.623713941,1
FAM168B,0.743842479,1
FAM174B,0.237871363,1
FAM20A,0.09157344,1
FAM20B,0.270068413,1
FAM20C,0.027135378,1
FAM213A,0.39361895,1
FAM214B,0.957539075,1
FAM219B,0.597004339,1
FAM234A,0.318060466,1
FAM3A,0.152952987,1
FAM43B,0.03038164,1
FAM50A,0.270418096,1
FAM53B,0.616003839,1
FAM89B,0.181817521,1
FAM96B,0.270770525,1
FARP1,0.027824635,1
FARSA,0.107683813,1
FASN,0.30063569,1
FASTK,0.030437972,1
FBL,0.171740408,1
FBLIM1,0.293978865,1
FBRS,0.080184694,1
FBRSL1,0.224144658,1
FBXL15,0.065725221,1
FBXO18,0.674464464,1
FBXO31,0.08760962,1
FBXO32,0.068821218,1
FBXO7,0.022405026,1
FBXO9,0.2046717,1
FBXW4,0.499741428,1
FBXW5,0.160507311,1
FCGRT,0.573191748,1
FCHSD2,0.351869049,1
FDFT1,0.441290211,1
FEM1A,0.500279476,1
FERMT2,0.035518336,1
FERMT3,0.209199551,1
FES,0.731853367,1
FGF14,0.045619135,1
FGF23,0.506970353,1
FGFR1,0.833031096,1
FGL2,0.807395368,1
FGR,0.73692477,1
FHL2,0.520884022,1
FHL3,0.516064232,1
FHOD1,0.900294513,1
FIBP,0.332405804,1
FILIP1,0.469975312,1
FIS1,0.178632346,1
FKBP10,0.739456593,1
FKBP1A,0.048907511,1
FKBP2,0.411267872,1
FKBP8,0.599076286,1
FLII,0.39250309,1
FLNA,0.051804643,1
FLNB,0.66247029,1
FLOT1,0.48651535,1
FLOT2,0.659018595,1
FLYWCH1,0.214945669,1
FMNL3,0.291815004,1
FMOD,0.120856732,1
FNBP4,0.619416708,1
FNDC10,0.299094344,1
FNDC3B,0.730400496,1
FNDC4,0.646925202,1
FNIP2,0.225782092,1
FOLR2,0.095507922,1
FOSL2,0.128427321,1
FOXK2,0.215858753,1
FOXO1,0.254724333,1
FOXO3,0.020569012,1
FOXP1,0.411970144,1
FPGS,0.554433881,1
FRMD8,0.674200776,1
FSTL3,0.110981137,1
FUNDC2,0.432929918,1
FURIN,0.751896132,1
FUS,0.188737852,1
FUZ,0.440054786,1
FXR2,0.766587938,1
FXYD5,0.435131337,1
FXYD6,0.577662385,1
G3BP1,0.332151392,1
G6PC3,0.399525294,1
GAA,0.687702592,1
GABARAPL1,0.694937497,1
GABARAPL2,0.722789875,1
GAK,0.176849631,1
GALNS,0.900984502,1
GALNT2,0.575517589,1
GAMT,0.069200265,1
GANAB,0.084888981,1
GAS2L1,0.267471746,1
GAS6,0.466730738,1
GAS7,0.400526231,1
GATA6,0.191438069,1
GBA,0.618903308,1
GBF1,0.828922647,1
GCN1,0.858166958,1
GDF5OS,0.086897219,1
GDI1,0.82022405,1
GDI2,0.529206581,1
GFOD1,0.879991526,1
GFPT2,0.44164386,1
GGA1,0.287567023,1
GGCX,0.112950899,1
GGNBP2,0.649402561,1
GGT7,0.248146078,1
GHDC,0.596182943,1
GHITM,0.479806508,1
GID8,0.750928287,1
GIPC1,0.644575178,1
GIT1,0.67096407,1
GJA4,0.287565915,1
GLB1,0.636702018,1
GLG1,0.417510074,1
GLIPR2,0.563169177,1
GLIS2,0.243779564,1
GLMP,0.707122666,1
GLRX5,0.457510447,1
GLT8D1,0.674436126,1
GLUL,0.097849737,1
GM2A,0.734259071,1
GMFB,0.047867598,1
GMFG,0.178266972,1
GMPPA,0.5343786,1
GNA11,0.463372032,1
GNAI2,0.150855115,1
GNAQ,0.19774437,1
GNB1,0.742057103,1
GNB2,0.146692102,1
GNG11,0.746202646,1
GNL1,0.25139149,1
GNS,0.250523674,1
GOLGA2,0.469022892,1
GOLGA3,0.945217295,1
GOLGA8A,0.485993521,1
GOLGB1,0.589936053,1
GPAA1,0.248602245,1
GPAT4,0.353921195,1
GPC3,0.775880773,1
GPI,0.234173227,1
GPM6A,0.766508219,1
GPM6B,0.91473288,1
GPNMB,0.563825755,1
GPR107,0.6173802,1
GPR108,0.021682903,1
GPR153,0.200698717,1
GPRC5A,0.273302615,1
GPS1,0.361341347,1
GPSM3,0.31386913,1
GPX1,0.143071896,1
GRAMD1A,0.212091043,1
GRHPR,0.683446838,1
GRINA,0.09331584,1
GRK2,0.58955005,1
GRN,0.128931156,1
GRWD1,0.247742044,1
GSDMD,0.208373283,1
GSK3A,0.024627772,1
GSTK1,0.530948587,1
GSTM1,0.933588602,1
GSTM2,0.654909774,1
GSTM3,0.570802924,1
GSTM4,0.921416559,1
GSTM5,0.342841943,1
GSTO1,0.597643902,1
GTF2F1,0.904928404,1
GTF2I,0.508076009,1
GTF3A,0.064819219,1
GTF3C1,0.031505921,1
GTF3C5,0.425039161,1
GUK1,0.376932042,1
GUSB,0.854142222,1
GYPC,0.098550493,1
GYS1,0.019212332,1
H1F0,0.226371097,1
H1FX,0.096490135,1
H2AFJ,0.077510928,1
H2AFV,0.024166969,1
H2AFY,0.09114296,1
H3F3C,0.89748354,1
H6PD,0.310546614,1
HADHA,0.377097558,1
HARS,0.368882274,1
HAX1,0.151909658,1
HCLS1,0.037009644,1
HDAC5,0.38497522,1
HDAC6,0.463929555,1
HDAC7,0.347446375,1
HDDC2,0.071874135,1
HDGF,0.2714574,1
HDLBP,0.489560708,1
HEG1,0.811550881,1
HEMK1,0.747613817,1
HEPN1,0.349309187,1
HERPUD2,0.843471904,1
HES4,0.688987366,1
HEXA,0.288016671,1
HGSNAT,0.089543338,1
HHAT,0.385950179,1
HIC1,0.436860671,1
HIF3A,0.155371984,1
HIGD2A,0.48334714,1
HINT1,0.512844958,1
HINT2,0.379681861,1
HIP1,0.304395095,1
HIP1R,0.153252749,1
HK1,0.442381691,1
HLA-A,0.425311665,1
HLA-B,0.021159259,1
HLA-C,0.526422777,1
HLA-DMA,0.164361098,1
HLA-DMB,0.970539433,1
HLA-DPB1,0.160208651,1
HLA-DQA1,0.231104917,1
HLA-DQA2,0.188275032,1
HLA-DQB1,0.428463787,1
HLA-DRB1,0.141079777,1
HLA-E,0.170834371,1
HLA-F,0.158614375,1
HLX,0.089693136,1
HM13,0.233761409,1
HMG20B,0.142148028,1
HMGA1,0.188677562,1
HMGB1,0.243332398,1
HMGXB3,0.196571909,1
HMOX2,0.079036968,1
HNMT,0.312902308,1
HNRNPA0,0.179087114,1
HNRNPA1,0.755243196,1
HNRNPA2B1,0.038073922,1
HNRNPA3,0.459743105,1
HNRNPAB,0.639891629,1
HNRNPC,0.587209728,1
HNRNPD,0.529697243,1
HNRNPDL,0.086953959,1
HNRNPH1,0.256535385,1
HNRNPH3,0.95940286,1
HNRNPK,0.217355333,1
HNRNPL,0.025298295,1
HNRNPM,0.179547179,1
HNRNPU,0.154786076,1
HNRNPUL1,0.946476226,1
HNRNPUL2,0.768823551,1
HOOK3,0.110985014,1
HP1BP3,0.727909558,1
HPCAL1,0.456497323,1
HPS1,0.072332038,1
HS3ST1,0.39896905,1
HS6ST1,0.223035443,1
HSBP1,0.291748126,1
HSD17B10,0.181674811,1
HSF1,0.84620291,1
HSP90AA1,0.210962516,1
HSP90AB1,0.589711801,1
HSP90B1,0.540390935,1
HSPA5,0.318700802,1
HSPA8,0.681674785,1
HSPA9,0.338740596,1
HSPB1,0.059142517,1
HSPB6,0.243928258,1
HSPD1,0.127158779,1
HTRA1,0.083300645,1
HTT,0.193445549,1
HUWE1,0.049676224,1
HYAL2,0.117290038,1
HYI,0.212864732,1
IAH1,0.644937629,1
ICAM1,0.074993549,1
ICAM2,0.51390548,1
ID2,0.927056323,1
ID3,0.491158117,1
IDH2,0.857249609,1
IDH3B,0.034284325,1
IDH3G,0.771538748,1
IDS,0.372496636,1
IDUA,0.454482599,1
IER3,0.364733599,1
IER5,0.631303431,1
IER5L,0.19344109,1
IFI27,0.111476773,1
IFI27L2,0.733756207,1
IFITM2,0.422953695,1
IFITM3,0.477429777,1
IFNAR1,0.3716451,1
IFNGR2,0.340174626,1
IFRD2,0.186082694,1
IFT122,0.838447843,1
IGBP1,0.502450202,1
IGFBP4,0.258992254,1
IL11RA,0.816717593,1
IL13RA1,0.616924336,1
IL16,0.030961127,1
IL17RC,0.642204793,1
IL18,0.898168448,1
IL1R1,0.443118596,1
IL20RA,0.251285145,1
IL32,0.065014498,1
IL4R,0.275505307,1
IL7R,0.367598255,1
ILF3,0.664096085,1
ILK,0.513679939,1
ILKAP,0.03272819,1
IMPDH2,0.331969901,1
INAFM1,0.666979991,1
INHBA,0.217537198,1
INO80E,0.881434007,1
INPP5A,0.423814444,1
INPP5D,0.826039807,1
INPPL1,0.391346453,1
INSR,0.362882346,1
INTS1,0.631260867,1
INTS11,0.439601485,1
INTS3,0.645496165,1
IP6K1,0.78268833,1
IP6K2,0.040721094,1
IPO5,0.823499752,1
IQCK,0.072082692,1
IQGAP1,0.236198389,1
IQSEC1,0.648784074,1
IRAK1,0.365184103,1
IRF1,0.230349015,1
IRF2BP2,0.68051674,1
IRF2BPL,0.717378612,1
IRF3,0.50376627,1
IRGQ,0.226566533,1
IRS2,0.887360662,1
ISCU,0.177888818,1
ISG15,0.073831469,1
ISOC2,0.11525007,1
IST1,0.201941589,1
ISY1,0.634436069,1
ITGA7,0.223062309,1
ITGB1,0.422240762,1
ITGB1BP1,0.704304015,1
ITGB2,0.564882044,1
ITGB4,0.178601161,1
ITGB5,0.840041797,1
ITGBL1,0.041420768,1
ITIH5,0.333737718,1
ITM2A,0.423514596,1
ITM2B,0.112975811,1
ITPA,0.586150261,1
ITPK1,0.170205002,1
ITPKC,0.478966969,1
ITPR3,0.671583698,1
ITPRIP,0.508681924,1
ITPRIPL2,0.063596705,1
ITSN1,0.803059033,1
IVD,0.185182651,1
JADE1,0.586021004,1
JADE2,0.43607187,1
JAG1,0.119671874,1
JAGN1,0.224729629,1
JAK1,0.106547634,1
JAK3,0.028070922,1
JAM3,0.091092526,1
JAML,0.74296757,1
JDP2,0.651049726,1
JMJD1C,0.878388928,1
JMJD8,0.108525372,1
JOSD1,0.517222822,1
JOSD2,0.827066756,1
JTB,0.573326682,1
JUNB,0.066195172,1
KARS,0.562140048,1
KAT2A,0.861311024,1
KAT5,0.117359794,1
KAT6A,0.526197661,1
KAT8,0.380530424,1
KCTD10,0.343346677,1
KCTD2,0.131623799,1
KDELR1,0.79859729,1
KDM2A,0.434591795,1
KDM6B,0.028408194,1
KEAP1,0.816315899,1
KHDRBS1,0.5524736,1
KHNYN,0.242175744,1
KHSRP,0.628587599,1
KIAA0040,0.607912161,1
KIAA0100,0.843171833,1
KIAA0319L,0.586309947,1
KIAA0930,0.861094589,1
KIAA1217,0.185840798,1
KIAA1456,0.722404428,1
KIAA2013,0.161972985,1
KIF3B,0.629994192,1
KIFC3,0.026651735,1
KLC1,0.348400668,1
KLF15,0.725758658,1
KLF2,0.278370568,1
KLF6,0.02335751,1
KLF9,0.520808344,1
KLHDC2,0.413676792,1
KLHDC3,0.342287008,1
KMT2B,0.158932213,1
KPNB1,0.071717472,1
KRT8,0.027005693,1
KTN1,0.528479652,1
KXD1,0.701722678,1
LAIR1,0.068853119,1
LAMA2,0.138542747,1
LAMA4,0.240244958,1
LAMB1,0.667483498,1
LAMB2,0.336256212,1
LAMP5,0.216710164,1
LAMTOR1,0.64737624,1
LAMTOR2,0.319017203,1
LAMTOR4,0.061248844,1
LAPTM4A,0.533882678,1
LAPTM4B,0.82336513,1
LAPTM5,0.460681069,1
LARS,0.57017498,1
LASP1,0.282605567,1
LBH,0.735078665,1
LCAT,0.404653765,1
LCMT2,0.019675863,1
LDHB,0.419984416,1
LDLR,0.061765373,1
LDLRAD2,0.64957102,1
LDLRAD4,0.767240223,1
LDLRAP1,0.226565357,1
LEMD2,0.812008706,1
LENG8,0.101604022,1
LENG9,0.338304107,1
LGALS3,0.33826384,1
LGALS9,0.67147537,1
LGALS9B,0.603240592,1
LGALS9C,0.314129676,1
LHFPL2,0.023691586,1
LIMD2,0.567203004,1
LIMK1,0.814077094,1
LIMK2,0.623228726,1
LITAF,0.275541692,1
LIX1L,0.103637694,1
LLGL2,0.023847347,1
LMAN1,0.505218491,1
LMAN2,0.776391795,1
LMBR1L,0.591847749,1
LMF2,0.454206224,1
LMO4,0.03123171,1
LONP1,0.619208825,1
LONP2,0.425649285,1
LOXL1,0.320882301,1
LPAR4,0.552152565,1
LPCAT1,0.832975386,1
LPCAT3,0.4185363,1
LRFN4,0.526428294,1
LRP1,0.148281763,1
LRP10,0.343264447,1
LRPAP1,0.740048256,1
LRRC41,0.739361418,1
LRRC47,0.068003726,1
LRRC59,0.175958761,1
LRRC75A,0.349494364,1
LRRC8C,0.23581155,1
LRRFIP2,0.682009441,1
LSAMP,0.111874601,1
LSM14A,0.111881692,1
LSM2,0.656032579,1
LSM7,0.839667033,1
LSP1,0.856924788,1
LTBP1,0.122757535,1
LTBP2,0.02985822,1
LTBP3,0.079308861,1
LTBP4,0.025620425,1
LTBR,0.0629861,1
LUC7L2,0.798189528,1
LUC7L3,0.480675303,1
LYNX1,0.058703044,1
LYPLA2,0.370687844,1
LZTR1,0.104129421,1
MACF1,0.14692426,1
MADD,0.03077839,1
MAF,0.170499488,1
MAF1,0.370310744,1
MAFB,0.307800193,1
MAFF,0.350883616,1
MAFG,0.785212462,1
MAGED1,0.081481011,1
MAGED2,0.240096952,1
MALL,0.226422043,1
MAN1B1,0.426848358,1
MAN2C1,0.751018363,1
MANF,0.03245824,1
MAP1B,0.147374496,1
MAP1LC3A,0.684326133,1
MAP2K3,0.395728988,1
MAP3K11,0.681774214,1
MAP3K12,0.66247313,1
MAP3K3,0.867224785,1
MAP3K6,0.152945727,1
MAP4,0.529000351,1
MAP4K4,0.321209695,1
MAP7D1,0.543781994,1
MAPK1IP1L,0.036428585,1
MAPK8IP3,0.062397588,1
MAPKAPK2,0.174726173,1
6-Mar,0.392870827,1
9-Mar,0.216839073,1
MARCKS,0.321662471,1
MARK2,0.626809083,1
MARS,0.29536188,1
MARVELD1,0.1976457,1
MAST2,0.265391351,1
MAST4,0.720225056,1
MATR3,0.047084835,1
MAVS,0.197896156,1
MAX,0.959110047,1
MAZ,0.362232263,1
MBD1,0.558158009,1
MBD3,0.137565497,1
MBD6,0.453911866,1
MBNL1,0.123336699,1
MBOAT7,0.786258215,1
MCAM,0.121670952,1
MCL1,0.046930154,1
MCM3AP,0.263429448,1
MCM7,0.496535723,1
MCOLN1,0.540851936,1
MCRIP1,0.492446138,1
MCRS1,0.775145167,1
MDFI,0.102774097,1
MDH2,0.858467238,1
MDK,0.531122261,1
MDM4,0.038843543,1
MED15,0.887901716,1
MED16,0.414952658,1
MED22,0.397385203,1
MED28,0.060817353,1
MEF2A,0.093900163,1
MEGF6,0.074036758,1
MEGF8,0.370567352,1
MEIS3,0.370735715,1
MEPCE,0.457730292,1
METRN,0.640362075,1
METRNL,0.400445343,1
METTL12,0.182239703,1
METTL17,0.040687928,1
METTL26,0.243602424,1
METTL7A,0.366932635,1
MFSD12,0.249035926,1
MFSD5,0.137963094,1
MGAT1,0.485103665,1
MGLL,0.539400576,1
MGMT,0.529433156,1
MGST3,0.079154653,1
MIA3,0.38404727,1
MICAL1,0.347671045,1
MICAL2,0.023034737,1
MICU1,0.164595733,1
MIDN,0.402588257,1
MIEN1,0.072856265,1
MIER2,0.103080367,1
MIIP,0.617079069,1
MINK1,0.081279983,1
MINOS1,0.540851061,1
MKL1,0.08514907,1
MKNK2,0.840061299,1
MLEC,0.239610069,1
MLLT6,0.881283473,1
MLST8,0.090466879,1
MLX,0.587921652,1
MLXIP,0.635720664,1
MMAB,0.260726696,1
MMACHC,0.323701047,1
MMP19,0.054697803,1
MMP23B,0.39458006,1
MMP24-AS1,0.825777637,1
MMS19,0.189401555,1
MOB1A,0.031934435,1
MOB2,0.295686018,1
MOB3A,0.113629608,1
MOGS,0.378412828,1
MORF4L1,0.306566008,1
MORF4L2,0.178772155,1
MOV10,0.161744056,1
MOXD1,0.632393556,1
MPDU1,0.506310446,1
MPND,0.070169786,1
MPRIP,0.038706645,1
MPST,0.2547654,1
MPZL1,0.027413132,1
MRC1,0.124703989,1
MRC2,0.158417218,1
MRFAP1,0.820252387,1
MRGPRF,0.385389713,1
MRNIP,0.201006095,1
MRPL10,0.156040552,1
MRPL17,0.869497753,1
MRPL20,0.394657397,1
MRPL24,0.293146283,1
MRPL27,0.312822205,1
MRPL28,0.375338299,1
MRPL33,0.234604787,1
MRPL37,0.499589165,1
MRPL4,0.466177602,1
MRPL41,0.14088301,1
MRPL43,0.491084029,1
MRPL51,0.020623783,1
MRPL55,0.448001158,1
MRPL57,0.595099788,1
MRPS11,0.797966656,1
MRPS12,0.232351442,1
MRPS15,0.389874598,1
MRPS16,0.52508678,1
MRPS18B,0.612758621,1
MRPS2,0.279376588,1
MRPS21,0.148676096,1
MRPS26,0.373051111,1
MRPS34,0.351100845,1
MRPS5,0.239581398,1
MRPS7,0.376088324,1
MS4A6A,0.258735321,1
MSL1,0.14880784,1
MTA1,0.563448837,1
MTCH1,0.119674691,1
MTDH,0.09645619,1
MTFR1L,0.465436635,1
MTHFD2,0.125270465,1
MTHFR,0.717906623,1
MTMR11,0.063645073,1
MTMR14,0.2182466,1
MTRNR2L1,0.151497545,1
MTRNR2L10,0.696793747,1
MTRNR2L11,0.824557385,1
MTRNR2L12,0.059024523,1
MTRNR2L3,0.563077461,1
MTRNR2L6,0.115953233,1
MTRNR2L8,0.078072082,1
MTX1,0.394080124,1
MUL1,0.747337276,1
MUM1,0.203216786,1
MVB12A,0.443206973,1
MVD,0.052722641,1
MVP,0.122844292,1
MXD4,0.631164794,1
MXRA5,0.082521989,1
MXRA7,0.695776954,1
MYBBP1A,0.243494729,1
MYDGF,0.077626189,1
MYH7B,0.927360222,1
MYH9,0.371875565,1
MYL12A,0.23809034,1
MYL12B,0.150853312,1
MYL6B,0.215763277,1
MYLK,0.742183132,1
MYO10,0.416532337,1
MYO1D,0.40930815,1
MYO1F,0.509188659,1
MYO9B,0.774116843,1
MZT2A,0.19223423,1
N4BP2L2,0.501200062,1
NAA10,0.317783949,1
NAA38,0.391640816,1
NAA60,0.488027717,1
NAB2,0.446481041,1
NACA,0.046632177,1
NACA2,0.184768118,1
NAGK,0.55507292,1
NAGLU,0.024005482,1
NAMPT,0.92040479,1
NAP1L1,0.683505382,1
NAP1L4,0.573291001,1
NARF,0.46821129,1
NASP,0.563123702,1
NAV1,0.351891247,1
NAXE,0.287175604,1
NBAS,0.135350984,1
NBEAL2,0.791956487,1
NBL1,0.031446792,1
NBPF10,0.208885968,1
NBPF11,0.694461181,1
NBPF12,0.713584294,1
NBPF14,0.11273172,1
NBPF15,0.332249918,1
NBPF19,0.066036217,1
NBPF20,0.564343144,1
NBPF9,0.238930765,1
NBR1,0.492130019,1
NCALD,0.667354591,1
NCAPH2,0.055028669,1
NCF1,0.436745414,1
NCKAP1,0.398640721,1
NCKAP5L,0.814059294,1
NCL,0.427217607,1
NCLN,0.312414961,1
NCOA1,0.264523258,1
NCOA3,0.705002119,1
NCOR2,0.20173081,1
NDFIP1,0.161748135,1
NDN,0.62487151,1
NDRG2,0.088387488,1
NDST1,0.49160993,1
NDUFA1,0.439237156,1
NDUFA10,0.057854574,1
NDUFA13,0.497091776,1
NDUFA2,0.609960368,1
NDUFA3,0.08380217,1
NDUFA4,0.381221538,1
NDUFA4L2,0.823053301,1
NDUFA8,0.211335864,1
NDUFA9,0.035176487,1
NDUFAF3,0.535596086,1
NDUFAF8,0.243029457,1
NDUFB1,0.047911772,1
NDUFB10,0.108380217,1
NDUFB11,0.576088575,1
NDUFB2,0.255212879,1
NDUFB4,0.875398817,1
NDUFB7,0.366073902,1
NDUFB8,0.075946526,1
NDUFB9,0.66655071,1
NDUFS3,0.48945186,1
NDUFS5,0.464155961,1
NDUFS6,0.062669536,1
NDUFV1,0.50972928,1
NDUFV3,0.368640395,1
NECTIN2,0.169358852,1
NEDD8,0.515368937,1
NEDD9,0.085720344,1
NEGR1,0.272685694,1
NEK9,0.109681218,1
NELFB,0.201847408,1
NELFE,0.843096619,1
NEO1,0.579473364,1
NES,0.038267773,1
NF1,0.947010935,1
NF2,0.855726907,1
NFATC4,0.103117745,1
NFE2L1,0.598697202,1
NFIB,0.469831132,1
NFIC,0.280520833,1
NFIX,0.748791737,1
NHP2,0.885932364,1
NID1,0.019260829,1
NINJ1,0.334154368,1
NINJ2,0.304943405,1
NKIRAS2,0.247858708,1
NKTR,0.100872784,1
NME1,0.918334567,1
NME3,0.052263892,1
NME4,0.16162155,1
NMRAL1,0.57904169,1
NMT1,0.357038115,1
NOD1,0.36986071,1
NOMO2,0.025685584,1
NONO,0.552274563,1
NOP16,0.605784842,1
NOP56,0.141275226,1
NOSIP,0.324595944,1
NOTCH2,0.197466928,1
NOTCH3,0.203026421,1
NPC2,0.540619332,1
NPDC1,0.067700153,1
NPEPL1,0.258750538,1
NPIPA2,0.57872034,1
NPIPA3,0.291195356,1
NPIPA5,0.446857588,1
NPIPA7,0.665522446,1
NPIPA8,0.284805787,1
NPIPB13,0.029420799,1
NPIPB2,0.670459107,1
NPLOC4,0.118836348,1
NPM1,0.13227952,1
NPRL2,0.305833297,1
NPRL3,0.376413357,1
NQO2,0.261832719,1
NR1H3,0.429009263,1
NR2F2,0.842901492,1
NR2F6,0.531203178,1
NRBP1,0.074448798,1
NRXN2,0.053713989,1
NSFL1C,0.25699675,1
NSMCE1,0.77400498,1
NSMF,0.791916849,1
NSUN5,0.160998895,1
NT5C,0.666538104,1
NT5C2,0.222071575,1
NT5C3B,0.586801583,1
NTAN1,0.682054866,1
NTM,0.076864654,1
NUCB1,0.648193364,1
NUCKS1,0.780756752,1
NUDC,0.900663008,1
NUDCD3,0.630070791,1
NUDT16,0.225457858,1
NUDT22,0.078967382,1
NUDT3,0.398145577,1
NUDT4,0.838722539,1
NUMA1,0.2370393,1
NUMB,0.659361256,1
NUMBL,0.37569979,1
NUTF2,0.571893417,1
NXF1,0.115354835,1
NXN,0.248987249,1
OAF,0.56780264,1
OAZ1,0.259641578,1
OAZ2,0.541601023,1
OBSL1,0.025167086,1
ODF3B,0.476105028,1
OGDH,0.020122751,1
OGFOD3,0.506505523,1
OGFR,0.031780446,1
OGT,0.679726307,1
OLFML3,0.193833783,1
OPTN,0.688847659,1
ORAI2,0.343402981,1
ORAI3,0.029750309,1
ORMDL2,0.189953597,1
OS9,0.275397861,1
OSBPL5,0.428072777,1
OST4,0.218059751,1
OSTC,0.270893218,1
OTUD5,0.396455556,1
OXA1L,0.735932794,1
P3H1,0.354382674,1
PA2G4,0.426248635,1
PAAF1,0.456325234,1
PABPC4,0.04303489,1
PABPN1,0.611177878,1
PACS2,0.079470207,1
PACSIN2,0.044237917,1
PAFAH1B1,0.470908382,1
PAFAH1B2,0.300357397,1
PALLD,0.41465824,1
PALM,0.024412602,1
PAM,0.112872112,1
PAMR1,0.027649169,1
PAPLN,0.606232742,1
PAQR8,0.384584738,1
PARK7,0.043436342,1
PARP10,0.288741885,1
PARP12,0.310621148,1
PARP6,0.445288365,1
PARVA,0.188425641,1
PARVB,0.929282954,1
PAXX,0.077898611,1
PBXIP1,0.445403636,1
PC,0.27894336,1
PCBP2,0.895132327,1
PCED1A,0.654583661,1
PCGF2,0.803656268,1
PCM1,0.564363107,1
PCNP,0.170816864,1
PCNX2,0.64415031,1
PCNX3,0.467300378,1
PCYT1A,0.31769299,1
PDAP1,0.624688222,1
PDCD4,0.027220694,1
PDCD6IP,0.080155629,1
PDE4A,0.405814354,1
PDGFRA,0.042871588,1
PDGFRB,0.319091343,1
PDIA3,0.231310155,1
PDIA4,0.498076976,1
PDIA6,0.71987113,1
PDLIM1,0.134630811,1
PDLIM3,0.361723265,1
PDLIM4,0.151459646,1
PDLIM7,0.019346725,1
PDPN,0.175666403,1
PDPR,0.184658681,1
PDZD7,0.123524637,1
PEA15,0.343538889,1
PEAK1,0.575236896,1
PEBP1,0.853846576,1
PEF1,0.870172622,1
PER2,0.241500406,1
PES1,0.835303821,1
PET100,0.862896824,1
PEX16,0.083411543,1
PEX19,0.244847521,1
PEX26,0.196384401,1
PFDN6,0.20064701,1
PFKL,0.355330359,1
PFKP,0.464749467,1
PFN1,0.590803455,1
PGAM1,0.063915284,1
PGBD5,0.175728449,1
PGF,0.031670123,1
PGK1,0.189713453,1
PGLS,0.506368938,1
PGP,0.205803713,1
PGRMC2,0.055440723,1
PHB,0.126677837,1
PHB2,0.509494775,1
PHC2,0.089405119,1
PHF1,0.475616705,1
PHF23,0.826347741,1
PHLDA1,0.085370099,1
PHPT1,0.256263066,1
PHYKPL,0.052854381,1
PI4K2A,0.317310706,1
PI4KA,0.732512636,1
PI4KB,0.667313912,1
PIAS3,0.492981531,1
PIEZO1,0.436916545,1
PIGQ,0.074261039,1
PIGS,0.346220856,1
PIGT,0.411960991,1
PIH1D1,0.084584157,1
PIK3IP1,0.176946238,1
PIK3R1,0.019005343,1
PIK3R3,0.463181562,1
PIM3,0.023627128,1
PIN1,0.55860018,1
PINK1,0.087831443,1
PIP5K1C,0.380780371,1
PKD1,0.185443346,1
PKDCC,0.037694394,1
PKIG,0.703894441,1
PKN1,0.057073303,1
PLA2G15,0.176978819,1
PLAC9,0.506606042,1
PLAT,0.159927477,1
PLAU,0.091678337,1
PLBD2,0.294224485,1
PLCD3,0.567355185,1
PLCG1,0.352730189,1
PLD3,0.205154884,1
PLEKHA2,0.170037175,1
PLEKHA4,0.512007032,1
PLEKHH3,0.587179372,1
PLEKHJ1,0.888174681,1
PLEKHM1,0.590441845,1
PLEKHM2,0.388021141,1
PLEKHO1,0.163883973,1
PLEKHO2,0.765443637,1
PLIN3,0.898535807,1
PLK3,0.031932317,1
PLLP,0.195042614,1
PLOD3,0.926474763,1
PLP2,0.239296924,1
PLPPR2,0.858019794,1
PLSCR4,0.350294616,1
PLTP,0.110138414,1
PLVAP,0.57794251,1
PLXDC1,0.22363656,1
PLXDC2,0.535145318,1
PLXNB1,0.565751229,1
PLXND1,0.957872119,1
PMEPA1,0.30782073,1
PMF1,0.346021819,1
PML,0.096663576,1
PMM1,0.665353989,1
PMVK,0.23831747,1
PNKD,0.352653026,1
PNPLA6,0.406279415,1
PODN,0.125735172,1
POLD2,0.381523559,1
POLDIP3,0.615127566,1
POLR2A,0.2056733,1
POLR2E,0.923611168,1
POLR2G,0.421836781,1
POLR2H,0.355586867,1
POLR2I,0.172280395,1
POLR2J,0.151189589,1
POLR2J3,0.544689575,1
POLR2L,0.312739638,1
POLR3C,0.172992968,1
POLRMT,0.220041186,1
POM121,0.651149387,1
POM121C,0.286628362,1
POMP,0.197771479,1
POMT1,0.371672691,1
POMZP3,0.124043844,1
POP7,0.942485791,1
POR,0.665266444,1
POTEE,0.222561146,1
PPIA,0.337023999,1
PPIAL4E,0.655409995,1
PPIAL4G,0.833732195,1
PPIC,0.158999519,1
PPIE,0.335048885,1
PPM1F,0.659175784,1
PPM1G,0.711285404,1
PPM1M,0.632954939,1
PPM1N,0.117872403,1
PPP1CA,0.048880102,1
PPP1CB,0.824627894,1
PPP1CC,0.124575464,1
PPP1R12C,0.106196388,1
PPP1R13L,0.646739097,1
PPP1R14B,0.566243496,1
PPP1R18,0.452228763,1
PPP1R2,0.533184692,1
PPP1R7,0.247088129,1
PPP1R9B,0.589695892,1
PPP2CA,0.817575637,1
PPP2CB,0.806778476,1
PPP2R1A,0.039962292,1
PPP2R5B,0.918464173,1
PPP2R5C,0.197335755,1
PPP5C,0.58077063,1
PPT1,0.3939793,1
PQBP1,0.117446649,1
PQLC1,0.624581096,1
PRAF2,0.539596072,1
PRCC,0.954412995,1
PRCP,0.543506783,1
PRDX1,0.613712002,1
PRDX2,0.03548977,1
PRDX4,0.083148582,1
PRDX6,0.478784643,1
PREB,0.207072157,1
PRELID1,0.545264858,1
PRICKLE2,0.185882341,1
PRKAB1,0.668804772,1
PRKACA,0.192705283,1
PRKAG1,0.604412454,1
PRKAR1A,0.023782043,1
PRKAR2A,0.834734351,1
PRKCSH,0.573798821,1
PRKD2,0.733238983,1
PRKDC,0.459419894,1
PRMT2,0.310269599,1
PRMT5,0.902416001,1
PRNP,0.051470695,1
PRPF19,0.687566577,1
PRPF31,0.440429137,1
PRPF8,0.337165593,1
PRR13,0.252724195,1
PRR5,0.262316769,1
PRRC2A,0.895959934,1
PRRC2B,0.419975875,1
PRRC2C,0.56481298,1
PRRX2,0.495716622,1
PSAP,0.051487024,1
PSMA3,0.334003706,1
PSMB1,0.825766227,1
PSMB3,0.125508564,1
PSMB4,0.453542505,1
PSMB5,0.533820642,1
PSMB6,0.703949994,1
PSMB7,0.30758461,1
PSMB8,0.264573795,1
PSMC1,0.053504247,1
PSMC3,0.27051652,1
PSMC4,0.028159244,1
PSMC5,0.45700185,1
PSMD1,0.782474893,1
PSMD13,0.64195872,1
PSMD2,0.473419087,1
PSMD3,0.514209278,1
PSMD4,0.131399479,1
PSME1,0.855564686,1
PSME2,0.116820732,1
PSME4,0.34070492,1
PSMF1,0.229792096,1
PSMG2,0.111802638,1
PTBP1,0.620326418,1
PTGES2,0.071737046,1
PTGES3,0.688601801,1
PTGFRN,0.453499271,1
PTGIS,0.093018261,1
PTH1R,0.089156656,1
PTK7,0.036030366,1
PTMA,0.026586865,1
PTMS,0.032042908,1
PTOV1,0.360657264,1
PTP4A2,0.720574847,1
PTP4A3,0.328732846,1
PTPA,0.632930348,1
PTPN1,0.065922625,1
PTPN12,0.791094577,1
PTPN18,0.322689865,1
PTPN23,0.532115451,1
PTPRA,0.23699575,1
PTPRF,0.369350444,1
PTPRU,0.281020278,1
PTTG1IP,0.358990529,1
PUF60,0.444588725,1
PXDN,0.543173126,1
PXN,0.046587952,1
PYCR1,0.121765108,1
PYGB,0.142233594,1
QARS,0.071781612,1
QSOX1,0.634053858,1
QTRT1,0.606478673,1
R3HDM2,0.851271771,1
RAB11B,0.373721537,1
RAB11FIP3,0.369884171,1
RAB11FIP5,0.023975747,1
RAB13,0.034709159,1
RAB1B,0.34680251,1
RAB34,0.69185479,1
RAB3GAP1,0.711248517,1
RAB3IL1,0.54689295,1
RAB5B,0.098647155,1
RAB5C,0.620818783,1
RAB6A,0.033466167,1
RAB7A,0.728371223,1
RABAC1,0.129229131,1
RABL6,0.438089876,1
RAC1,0.040984185,1
RAD23A,0.639000497,1
RAD23B,0.815932857,1
RAD9A,0.331715349,1
RAF1,0.449355785,1
RALGAPA2,0.452224635,1
RALGDS,0.378088687,1
RALY,0.068787664,1
RAMP2,0.290644577,1
RAMP3,0.197716602,1
RAN,0.525849533,1
RANBP2,0.748436301,1
RANGAP1,0.096497932,1
RANGRF,0.526158386,1
RAPGEF1,0.58197668,1
RAPGEF5,0.422970532,1
RARA,0.607120994,1
RARRES1,0.212250746,1
RARRES2,0.426690003,1
RARRES3,0.518221873,1
RASA4,0.396302143,1
RASA4B,0.612367779,1
RASAL3,0.118196013,1
RASD1,0.803150192,1
RASGRP2,0.283225409,1
RASL11B,0.822183333,1
RASSF1,0.645777207,1
RASSF4,0.12445664,1
RASSF7,0.13040546,1
RBBP6,0.205617626,1
RBCK1,0.520822327,1
RBM10,0.475923041,1
RBM17,0.093218607,1
RBM23,0.363910353,1
RBM25,0.153239313,1
RBM3,0.087505818,1
RBM42,0.379892856,1
RBM5,0.703526031,1
RBM6,0.404837274,1
RBM8A,0.030083426,1
RBMS1,0.782429242,1
RBMS2,0.680445524,1
RBMX,0.549444134,1
RBPMS,0.112957419,1
RBSN,0.669679786,1
RCN1,0.608977544,1
RCN3,0.195109444,1
RDH11,0.62140086,1
REEP3,0.401262539,1
REEP5,0.776129062,1
RELA,0.866256755,1
RELB,0.489716074,1
RENBP,0.243041311,1
REPIN1,0.515768107,1
RER1,0.954936019,1
RERE,0.462801738,1
RETREG2,0.104810053,1
RETREG3,0.285629512,1
RFC2,0.311237009,1
RFNG,0.03147457,1
RFTN1,0.392566822,1
RFX1,0.546811444,1
RFX4,0.464402304,1
RGL2,0.83504091,1
RGS3,0.890104076,1
RHBDF1,0.523885221,1
RHOA,0.652823497,1
RHOG,0.092222866,1
RHOT2,0.088086551,1
RIC3,0.631765291,1
RIN3,0.631719295,1
RING1,0.325262347,1
RIOK3,0.911394645,1
RIPOR1,0.231424151,1
RNASEH2C,0.267608082,1
RNASET2,0.902960607,1
RNF10,0.215046836,1
RNF114,0.700061582,1
RNF115,0.488315439,1
RNF121,0.374206114,1
RNF126,0.502844541,1
RNF144A,0.457146411,1
RNF149,0.803194393,1
RNF166,0.510089057,1
RNF167,0.399121816,1
RNF181,0.739789903,1
RNF187,0.080806931,1
RNF213,0.15829427,1
RNF220,0.653550641,1
RNF26,0.464512501,1
RNF40,0.504960327,1
RNH1,0.097435631,1
RNPEPL1,0.08506674,1
ROCK2,0.15254722,1
ROMO1,0.159435114,1
RPL36AL,0.168677611,1
RPL39L,0.498377074,1
RPL7L1,0.204345847,1
RPN1,0.777410968,1
RPN2,0.026452126,1
RPP25,0.166937985,1
RPS19BP1,0.512124727,1
RPS27L,0.919350663,1
RPS6KA1,0.247195793,1
RPS6KA4,0.674610039,1
RRAS,0.047558161,1
RRBP1,0.752724722,1
RRP1,0.611138772,1
RRP12,0.159917491,1
RRP36,0.438938916,1
RRP7A,0.676390768,1
RSL1D1,0.171996096,1
RSRC2,0.023851141,1
RTCB,0.654376363,1
RTFDC1,0.054645823,1
RTL8C,0.802766309,1
RTN3,0.058878638,1
RTN4,0.359162306,1
RUFY1,0.20707232,1
RUNX1,0.113373576,1
RUSC1,0.40341657,1
RUSC2,0.347673631,1
RUVBL2,0.295678372,1
RWDD1,0.455075365,1
RXRA,0.126065599,1
RXRB,0.549474899,1
S100A10,0.031280411,1
S100A11,0.088046101,1
S100A16,0.438334989,1
S1PR2,0.335121344,1
SAA1,0.167572782,1
SAMD11,0.494987764,1
SAMD4B,0.696592119,1
SAMHD1,0.717705424,1
SAMM50,0.071172869,1
SAP18,0.254429499,1
SAP30BP,0.836483308,1
SAR1A,0.071685518,1
SARS,0.251276974,1
SAT2,0.057745259,1
SBF1,0.19643557,1
SCAF11,0.631116613,1
SCAMP2,0.10786627,1
SCAMP3,0.127521526,1
SCAMP4,0.854850018,1
SCAP,0.216322348,1
SCARA3,0.606341715,1
SCARB2,0.255175784,1
SCN11A,0.492322006,1
SCN7A,0.259173212,1
SCRN2,0.206030131,1
SCUBE2,0.38769259,1
SCYL1,0.095890117,1
SCYL3,0.261578703,1
SDC1,0.122107674,1
SDC2,0.173697029,1
SDC3,0.819405281,1
SDC4,0.437653244,1
SDCCAG8,0.324735307,1
SDF2,0.320093768,1
SDF2L1,0.302960919,1
SDF4,0.375742082,1
SDHA,0.342169005,1
SDHAF2,0.367680795,1
SEC11A,0.070965664,1
SEC13,0.452717835,1
SEC16A,0.311276557,1
SEC24C,0.645462464,1
SEC24D,0.333747365,1
SEC31A,0.646392883,1
SEC61A1,0.488559371,1
SEC61B,0.7012921,1
SEC61G,0.104641051,1
SEC62,0.227688916,1
SEC63,0.538171929,1
SEL1L3,0.513712893,1
SELENOF,0.699571926,1
SELENOH,0.47126818,1
SELENON,0.045659238,1
SELENOO,0.231197171,1
SELENOW,0.347052865,1
SEM1,0.399640587,1
SEMA3B,0.254151249,1
SEMA3C,0.175935601,1
SENP3,0.258351028,1
SENP7,0.758229554,1
SEPHS2,0.655628523,1
2-Sep,0.737763643,1
4-Sep,0.270350267,1
9-Sep,0.51691189,1
SERBP1,0.683478065,1
SERF2,0.162985701,1
SERINC1,0.402849419,1
SERINC3,0.52623009,1
SERP1,0.633427514,1
SERPINB1,0.487775417,1
SERPINB6,0.031216324,1
SERTAD1,0.336632889,1
SESN1,0.390712715,1
SET,0.755015849,1
SETD1A,0.951553741,1
SETD3,0.410998843,1
SETD5,0.3001813,1
SEZ6,0.654468996,1
SF3A2,0.768447001,1
SF3A3,0.557710074,1
SF3B1,0.025336259,1
SF3B2,0.315178583,1
SF3B3,0.548872773,1
SF3B5,0.677111298,1
SFN,0.024504413,1
SFPQ,0.046536386,1
SFXN3,0.019888397,1
SGK1,0.314213181,1
SGSH,0.101071846,1
SGSM2,0.622424918,1
SGSM3,0.531563859,1
SGTA,0.83506424,1
SH2B1,0.6430565,1
SH3BGRL,0.266989096,1
SH3BGRL3,0.459939227,1
SH3BP2,0.59454277,1
SH3D19,0.084143327,1
SH3GL1,0.572575061,1
SH3GLB1,0.382756475,1
SH3GLB2,0.061853822,1
SH3KBP1,0.225127963,1
SH3PXD2A,0.482964693,1
SH3PXD2B,0.407477614,1
SH3TC1,0.336599343,1
SHANK3,0.23166255,1
SHARPIN,0.724240049,1
SHC1,0.226815435,1
SHISA4,0.03740539,1
SHISA5,0.120355576,1
SHMT2,0.174861875,1
SIAH2,0.648099515,1
SIDT2,0.073128321,1
SIGIRR,0.465368805,1
SIGMAR1,0.123003447,1
SIK2,0.121702561,1
SIL1,0.050419272,1
SIN3B,0.307789808,1
SIPA1,0.277309645,1
SIPA1L1,0.067109343,1
SIRPA,0.481871985,1
SIRT2,0.438968517,1
SIRT3,0.712182371,1
SIRT7,0.510266936,1
SIVA1,0.14999333,1
SKI,0.135058584,1
SKIV2L,0.295248743,1
SKP1,0.366267627,1
SLC12A4,0.137382496,1
SLC12A9,0.636855959,1
SLC15A3,0.399992842,1
SLC16A3,0.511004108,1
SLC1A3,0.243487848,1
SLC1A5,0.891948348,1
SLC25A1,0.35908896,1
SLC25A11,0.09551836,1
SLC25A26,0.576815253,1
SLC25A28,0.305295112,1
SLC25A3,0.654392611,1
SLC25A36,0.891096106,1
SLC25A37,0.162031238,1
SLC25A39,0.364195255,1
SLC25A5,0.810588851,1
SLC25A6,0.068482442,1
SLC27A1,0.847538486,1
SLC29A1,0.249657269,1
SLC2A3,0.651161148,1
SLC2A4RG,0.188164149,1
SLC35A4,0.816068496,1
SLC35B2,0.87783147,1
SLC35C1,0.207695853,1
SLC35C2,0.303749254,1
SLC35E1,0.102505158,1
SLC35E2B,0.688460471,1
SLC35F6,0.465415386,1
SLC38A10,0.39735847,1
SLC39A1,0.034624559,1
SLC39A13,0.465386273,1
SLC39A6,0.505135312,1
SLC39A7,0.246653992,1
SLC3A2,0.056959539,1
SLC43A1,0.668440754,1
SLC44A1,0.24439375,1
SLC44A2,0.253551367,1
SLC48A1,0.05101322,1
SLC4A2,0.278718117,1
SLC5A8,0.059008386,1
SLC7A8,0.446119056,1
SLC8B1,0.293431447,1
SLC9A1,0.088934704,1
SLC9A3R1,0.430778704,1
SLC9A3R2,0.686088692,1
SLCO1B1,0.320833149,1
SLCO2A1,0.548987512,1
SLCO2B1,0.412157718,1
SLTM,0.147451209,1
SMAD4,0.688310931,1
SMAP2,0.138420526,1
SMARCA4,0.224664826,1
SMARCB1,0.857673142,1
SMARCC1,0.245423337,1
SMARCD2,0.679162093,1
SMARCD3,0.311155627,1
SMARCE1,0.364840119,1
SMDT1,0.774131754,1
SMG6,0.299758787,1
SMIM29,0.341168672,1
SMIM3,0.718000684,1
SMIM4,0.80019986,1
SMIM7,0.393803304,1
SMO,0.174402178,1
SMOC2,0.248568104,1
SMPD1,0.024227819,1
SMPD4,0.56696149,1
SMTN,0.249487666,1
SNED1,0.373945573,1
SNF8,0.042190549,1
SNRK,0.360345782,1
SNRNP200,0.112969611,1
SNRNP70,0.306405174,1
SNRPA,0.514367467,1
SNRPC,0.366748172,1
SNRPD2,0.480436211,1
SNRPD3,0.773478998,1
SNRPN,0.890221613,1
SNU13,0.02643604,1
SNW1,0.869606576,1
SNX17,0.174588966,1
SNX18,0.429165845,1
SNX3,0.404718124,1
SNX33,0.347356466,1
SNX5,0.392707704,1
SOCS3,0.193467881,1
SOD1,0.501667811,1
SON,0.149140341,1
SORBS3,0.026696232,1
SOX4,0.294033624,1
SPAG7,0.762464931,1
SPAG9,0.410631685,1
SPATA20,0.217333298,1
SPATS2L,0.225259367,1
SPCS3,0.491956253,1
SPEN,0.346198042,1
SPG21,0.313365338,1
SPG7,0.101622954,1
SPIN1,0.133573648,1
SPINT2,0.672626725,1
SPOP,0.262960698,1
SPP1,0.092059495,1
SPPL2B,0.48986852,1
SPPL3,0.753920012,1
SPSB3,0.443574051,1
SPTAN1,0.953591144,1
SPTBN1,0.249638485,1
SQSTM1,0.582518967,1
SRA1,0.680182316,1
SREBF1,0.419002643,1
SREBF2,0.246855347,1
SRF,0.125098576,1
SRGAP1,0.277800087,1
SRM,0.544419543,1
SRP14,0.774500214,1
SRPRA,0.585505382,1
SRPRB,0.506891713,1
SRPX2,0.597612501,1
SRRM1,0.63757211,1
SRRM2,0.50943296,1
SRSF11,0.462561451,1
SRSF2,0.302024479,1
SRSF3,0.534766867,1
SRSF4,0.660510198,1
SRSF6,0.106525974,1
SRSF8,0.118199388,1
SRSF9,0.246064688,1
SSBP3,0.075923855,1
SSBP4,0.336982894,1
SSH1,0.627517567,1
SSNA1,0.170205849,1
SSR3,0.678619512,1
SSRP1,0.716271196,1
SSU72,0.144706306,1
ST13,0.113735005,1
ST14,0.212310372,1
ST3GAL3,0.236108515,1
ST3GAL4,0.020426246,1
ST6GALNAC4,0.388421553,1
STAB1,0.046042225,1
STAG2,0.075545655,1
STARD10,0.360225083,1
STARD3,0.096175102,1
STARD7,0.043995506,1
STARD8,0.845391132,1
STAT2,0.422457373,1
STAT3,0.317710618,1
STAT5B,0.570570351,1
STAT6,0.329132815,1
STIM1,0.319676907,1
STIP1,0.604636893,1
STK11,0.453437482,1
STK25,0.669369135,1
STK38,0.106941579,1
STMN3,0.675369937,1
STOML2,0.372629863,1
STT3B,0.179241334,1
STUB1,0.040784904,1
STX10,0.700745571,1
STX4,0.143553096,1
STX5,0.909622319,1
SUB1,0.309605633,1
SUCLG1,0.163698783,1
SUMF2,0.098034764,1
SUMO3,0.143514914,1
SUN2,0.833756429,1
SUPT16H,0.043754728,1
SUPT4H1,0.084156325,1
SUPT5H,0.759066608,1
SUPT6H,0.21284862,1
SURF1,0.82256592,1
SURF4,0.559661298,1
SUSD2,0.055971858,1
SYDE2,0.756063633,1
SYF2,0.366653606,1
SYS1,0.223392894,1
SZRD1,0.284172151,1
TACC1,0.568082356,1
TAF10,0.623101519,1
TAGLN2,0.040361219,1
TALDO1,0.80838482,1
TAOK2,0.37582005,1
TAPBP,0.047608395,1
TARDBP,0.352274824,1
TATDN2,0.502026353,1
TAX1BP1,0.225462097,1
TBC1D1,0.112958525,1
TBC1D10A,0.599924379,1
TBC1D10B,0.046227148,1
TBC1D16,0.175227739,1
TBC1D17,0.432789943,1
TBC1D20,0.611830554,1
TBC1D2B,0.729591417,1
TBCD,0.480922975,1
TBRG4,0.159907043,1
TCEA2,0.050927807,1
TCEA3,0.186985367,1
TCEAL4,0.763675252,1
TCF25,0.45426342,1
TCF4,0.408883143,1
TCN2,0.242396136,1
TEAD3,0.673270833,1
TECR,0.039658167,1
TEF,0.093419206,1
TELO2,0.401311292,1
TESC,0.112579635,1
TEX261,0.674556137,1
TEX264,0.420003735,1
TFE3,0.340618875,1
TFEB,0.371901607,1
TFIP11,0.315068383,1
TGFB3,0.2917601,1
THAP4,0.225451967,1
THBS3,0.693930623,1
THNSL2,0.452193472,1
THRA,0.110045015,1
THRAP3,0.41083803,1
THRB,0.917716567,1
THY1,0.214482824,1
TIAL1,0.028836638,1
TIMM13,0.173964365,1
TIMM44,0.493127354,1
TIMM8B,0.666670187,1
TIMP2,0.640525258,1
TKT,0.141663418,1
TLE2,0.474529003,1
TLN1,0.55717583,1
TM4SF1,0.549476601,1
TM9SF3,0.554650076,1
TMA7,0.404708783,1
TMBIM1,0.68140073,1
TMBIM6,0.320430801,1
TMC6,0.063455902,1
TMED1,0.884498614,1
TMED10,0.658139144,1
TMED2,0.569439272,1
TMED3,0.046818996,1
TMED4,0.377114517,1
TMED9,0.036057513,1
TMEM106C,0.733301667,1
TMEM109,0.645987315,1
TMEM115,0.30025017,1
TMEM120A,0.091049146,1
TMEM127,0.31827598,1
TMEM129,0.985548373,1
TMEM141,0.915752704,1
TMEM147,0.309996744,1
TMEM14B,0.718005516,1
TMEM14C,0.877108621,1
TMEM159,0.540346933,1
TMEM160,0.747587582,1
TMEM167B,0.440733358,1
TMEM173,0.123684317,1
TMEM176A,0.557809412,1
TMEM176B,0.254629256,1
TMEM179B,0.408696306,1
TMEM181,0.144485161,1
TMEM185A,0.396247512,1
TMEM205,0.168020025,1
TMEM208,0.143251458,1
TMEM214,0.071960471,1
TMEM219,0.649915724,1
TMEM222,0.164446802,1
TMEM248,0.870643254,1
TMEM256,0.533122793,1
TMEM258,0.19322366,1
TMEM30A,0.1702139,1
TMEM43,0.344990717,1
TMEM55B,0.580308179,1
TMEM87A,0.270652023,1
TMEM8A,0.225179714,1
TMEM8B,0.803305703,1
TMEM98,0.080004072,1
TMEM9B,0.675216648,1
TMSB10,0.02952767,1
TMUB1,0.247183446,1
TMUB2,0.431740765,1
TMX2,0.725305164,1
TNFAIP2,0.492456896,1
TNFRSF12A,0.019559007,1
TNFRSF14,0.536191573,1
TNFRSF1A,0.020413736,1
TNFRSF1B,0.281450404,1
TNFRSF21,0.215486273,1
TNFSF12,0.596645182,1
TNIP1,0.665683645,1
TNKS1BP1,0.38182745,1
TNPO2,0.585317624,1
TNRC18,0.120818953,1
TNS1,0.322349903,1
TNS2,0.849869024,1
TOLLIP,0.866548305,1
TOM1,0.063445113,1
TOMM20,0.329888522,1
TOMM22,0.500332319,1
TOMM7,0.782727376,1
TOX4,0.860826652,1
TP53I13,0.087716918,1
TPCN1,0.205142796,1
TPD52L2,0.110609982,1
TPI1,0.602508228,1
TPM1,0.043443352,1
TPM2,0.023324652,1
TPM3,0.611329097,1
TPM4,0.025800717,1
TPP1,0.131335183,1
TPRA1,0.613109045,1
TPRG1L,0.388225571,1
TPSAB1,0.265663604,1
TRA2B,0.93354356,1
TRABD,0.320282382,1
TRADD,0.066466184,1
TRAF7,0.335543767,1
TRAFD1,0.388540689,1
TRAK2,0.097920387,1
TRAM1,0.348393297,1
TRAM2,0.613291263,1
TRAP1,0.707313338,1
TRAPPC1,0.762000093,1
TRAPPC12,0.33676697,1
TRAPPC2L,0.405635872,1
TRAPPC3,0.200633539,1
TRAPPC6A,0.795286708,1
TRIB2,0.539037376,1
TRIM25,0.270115242,1
TRIM26,0.818837438,1
TRIM27,0.097865802,1
TRIM28,0.560373699,1
TRIM41,0.029026428,1
TRIM47,0.460890134,1
TRIM56,0.29854304,1
TRIM8,0.659459717,1
TRIOBP,0.601736225,1
TRIP10,0.565656248,1
TRIP6,0.82949972,1
TRIR,0.281287553,1
TRMT112,0.442452291,1
TRMT5,0.028991676,1
TRMU,0.94923575,1
TRPC4AP,0.328216665,1
TRPM4,0.185458409,1
TRPV2,0.265798472,1
TSC2,0.524522144,1
TSC22D3,0.173119567,1
TSC22D4,0.594295326,1
TSHZ2,0.432697875,1
TSKU,0.365323534,1
TSPAN14,0.708790018,1
TSPAN17,0.522945414,1
TSPAN3,0.753265867,1
TSPAN31,0.242547599,1
TSPAN9,0.338656164,1
TSPO,0.411970612,1
TSPYL2,0.359687962,1
TSTA3,0.123176207,1
TTC1,0.411972447,1
TTC17,0.06894566,1
TTC19,0.726981057,1
TTC39B,0.103759997,1
TTC7A,0.08568041,1
TTLL12,0.024604577,1
TTYH3,0.318904179,1
TUBA1A,0.31187587,1
TUBA1B,0.042829007,1
TUBA1C,0.75943579,1
TUBB,0.05255651,1
TUBB4B,0.910072319,1
TUBGCP2,0.4873856,1
TUBGCP6,0.571720219,1
TUFM,0.70810033,1
TWF2,0.699512989,1
TWSG1,0.497879757,1
TXLNA,0.16812523,1
TXN2,0.24081413,1
TXNDC15,0.309652327,1
TXNL4A,0.766778839,1
TYK2,0.74446312,1
TYMP,0.061363845,1
TYROBP,0.089629563,1
TYSND1,0.447277494,1
U2AF1,0.022420952,1
U2AF1L5,0.06697727,1
U2AF2,0.305270186,1
UACA,0.331638511,1
UAP1L1,0.556604715,1
UBA1,0.116852549,1
UBA7,0.470180992,1
UBAC2,0.234014241,1
UBALD1,0.497676166,1
UBALD2,0.389850278,1
UBAP2L,0.406193842,1
UBB,0.074070472,1
UBC,0.034477047,1
UBE2D3,0.661288001,1
UBE2D4,0.019707613,1
UBE2G2,0.478350077,1
UBE2H,0.561799059,1
UBE2I,0.615185301,1
UBE2J2,0.748612276,1
UBE2L3,0.211746902,1
UBE2L6,0.485597166,1
UBE2M,0.392974429,1
UBE2N,0.819893642,1
UBE2R2,0.443640818,1
UBE2Z,0.314068708,1
UBE4A,0.181413442,1
UBL4A,0.144830253,1
UBL5,0.38104044,1
UBTF,0.271638686,1
UBXN1,0.128711225,1
UBXN6,0.089125165,1
UCK1,0.507190446,1
UFC1,0.125558579,1
UFD1,0.188787562,1
UGP2,0.125278631,1
ULK1,0.207019225,1
UNC45A,0.052914595,1
UNC93B1,0.78088312,1
UPP1,0.144385904,1
UQCR10,0.275808369,1
UQCR11,0.070794534,1
UQCRB,0.470152038,1
UQCRC1,0.411496364,1
UQCRH,0.156944055,1
UQCRQ,0.161979368,1
URM1,0.585696904,1
UROS,0.049140893,1
USF2,0.538025665,1
USP11,0.201242637,1
USP14,0.025811094,1
USP20,0.054016088,1
USP22,0.27800416,1
USP24,0.534902585,1
USP28,0.024546128,1
USP36,0.392230861,1
USP5,0.32458608,1
USP7,0.499002648,1
USP9X,0.743304916,1
UXS1,0.236442792,1
UXT,0.738443224,1
VAMP3,0.239174794,1
VAMP5,0.723811047,1
VAMP8,0.085734075,1
VAPA,0.24999643,1
VARS2,0.198404289,1
VASN,0.809897839,1
VASP,0.087339045,1
VAT1,0.909386331,1
VCL,0.22257181,1
VCP,0.714342751,1
VEGFB,0.042760887,1
VGLL4,0.192230047,1
VKORC1,0.13673892,1
VOPP1,0.436693673,1
VPS11,0.642340207,1
VPS16,0.446605986,1
VPS18,0.620031704,1
VPS25,0.45509641,1
VPS26B,0.088761332,1
VPS28,0.347733146,1
VPS29,0.387862526,1
VPS37B,0.506760884,1
VPS39,0.170817591,1
VPS4A,0.543281594,1
VPS51,0.031889164,1
VPS9D1,0.538388743,1
VRK3,0.526124497,1
VSIG4,0.056481231,1
VSIR,0.267868923,1
VSTM2L,0.061735592,1
VTI1B,0.841415405,1
VWA1,0.41222514,1
WAC,0.496350181,1
WARS,0.812287347,1
WASF2,0.173192348,1
WASHC1,0.031428841,1
WASHC2A,0.744339814,1
WASHC2C,0.772772874,1
WBP11,0.325224892,1
WBP1L,0.608086869,1
WBP2,0.384220245,1
WDR1,0.25855023,1
WDR34,0.2739965,1
WDR45,0.426546461,1
WDR46,0.589412621,1
WDR55,0.527557385,1
WDR6,0.192844283,1
WDR81,0.171343376,1
WDR82,0.025013606,1
WDTC1,0.612937063,1
WFS1,0.447145979,1
WIPF1,0.554062497,1
WIPF2,0.902588554,1
WIPI2,0.111335623,1
WLS,0.511564483,1
WNK1,0.623461775,1
WSB1,0.549462102,1
XBP1,0.022924566,1
XRCC5,0.727866693,1
XRCC6,0.500473058,1
YARS,0.368906443,1
YBX1,0.420429438,1
YDJC,0.914259533,1
YIF1A,0.06279318,1
YIF1B,0.05142008,1
YIPF2,0.478354323,1
YIPF3,0.050665783,1
YIPF4,0.147453612,1
YPEL3,0.022011319,1
YPEL5,0.038932567,1
YTHDF3,0.685792957,1
YWHAB,0.558458179,1
YWHAE,0.404139051,1
YWHAH,0.290021335,1
YWHAQ,0.744623641,1
YWHAZ,0.107628896,1
YY1,0.071249665,1
YY1AP1,0.333772119,1
Z82206.1,0.76743106,1
ZBTB16,0.503597738,1
ZBTB17,0.333237897,1
ZBTB20,0.324343143,1
ZBTB4,0.116478483,1
ZBTB45,0.351790698,1
ZBTB7A,0.937208033,1
ZC3HAV1,0.769641017,1
ZDHHC1,0.402802785,1
ZDHHC14,0.073928626,1
ZDHHC3,0.173497512,1
ZDHHC5,0.416680538,1
ZDHHC7,0.816375879,1
ZDHHC8,0.043600914,1
ZDHHC9,0.684773981,1
ZEB1,0.113091044,1
ZER1,0.549978633,1
ZFAND3,0.03078044,1
ZFAND5,0.159781458,1
ZFPL1,0.118546335,1
ZFYVE1,0.394517244,1
ZFYVE21,0.626193357,1
ZFYVE27,0.475808037,1
ZHX3,0.250574227,1
ZMAT2,0.83307476,1
ZMAT5,0.183217986,1
ZMIZ2,0.188470737,1
ZNF207,0.540446784,1
ZNF212,0.474320075,1
ZNF219,0.448611466,1
ZNF263,0.067317,1
ZNF282,0.117983834,1
ZNF316,0.641046769,1
ZNF335,0.158345406,1
ZNF385A,0.527737654,1
ZNF423,0.179745191,1
ZNF428,0.794376968,1
ZNF444,0.121380854,1
ZNF580,0.457709225,1
ZNF593,0.441066152,1
ZNF668,0.147661412,1
ZNF688,0.363192066,1
ZNF703,0.060744678,1
ZNF771,0.09830791,1
ZNF787,0.30298448,1
ZNF90,0.088353418,1
ZNRD1,0.524522119,1
ZP3,0.380498487,1
ZSWIM8,0.081696417,1
